Specie,Recording,start_segment,End Time (s),f_min,f_max,Start of the next vocalization (s),length_segment,intersyllable_gap
Accipiter_bicolor,XC13535,1.5316,6.193,334.586,6256.757,22.6287,4.6614,16.4357
Accipiter_bicolor,XC114956,2.179,4.3216,1805.263,4964.474,4.939,2.1426,0.6174
Accipiter_bicolor,XC1009075,3.9963,4.045,523.442,11254.006,5.2454,0.0487,1.2004
Accipiter_bicolor,XC1009503,3.9367,5.1566,1454.912,11833.284,17.281,1.2199,12.1244
Accipiter_bicolor,XC1063563,2.4877,6.0602,398.136,16423.125,10.9041,3.5725,4.8439
Accipiter_poliogaster,XC240800,5.1126,6.2669,2820.121,11660.601,14.6039,1.1543,8.337
Accipiter_poliogaster,XC163384,2.7315,4.4173,1854.962,10177.222,16.1755,1.6858,11.7582
Accipiter_poliogaster,XC163664,1.7308,3.4235,1789.565,13230.0,7.1652,1.6927,3.7417
Accipiter_poliogaster,XC109377,0.7719,1.7643,2637.209,7325.581,2.7126,0.9924,0.9483
Accipiter_poliogaster,XC111690,2.3615,3.661,837.342,3977.373,16.0412,1.2995,12.3802
Accipiter_striatus,XC141871,3.6794,4.816,1475.701,4451.698,15.3002,1.1366,10.4842
Accipiter_striatus,XC146994,2.0842,2.2176,3489.231,9256.154,10.1001,0.1334,7.8825
Accipiter_striatus,XC278831,5.1209,5.8175,2023.576,7745.411,11.955,0.6966,6.1375
Accipiter_striatus,XC285551,1.5207,3.0413,1252.05,13702.997,18.2771,1.5206,15.2358
Accipiter_striatus,XC1014685,2.6454,5.4937,2102.548,14817.954,13.5698,2.8483,8.0761
Accipiter_superciliosus,XC264367,2.1059,3.6624,2093.769,5561.573,7.7738,1.5565,4.1114
Accipiter_superciliosus,XC218143,0.4187,3.7943,2281.034,14446.552,5.9476,3.3756,2.1533
Accipiter_superciliosus,XC21092,0.2501,1.0275,1791.562,6546.094,2.2724,0.7774,1.2449
Accipiter_superciliosus,XC113634,0.7264,3.2788,2469.136,3061.728,10.0525,2.5524,6.7737
Accipiter_superciliosus,XC187778,2.2847,10.4484,1812.329,10692.74,45.5846,8.1637,35.1362
Actitis_macularius,XC1001183,3.47,4.5665,2216.561,5885.35,5.3307,1.0965,0.7642
Actitis_macularius,XC1007568,0.6412,0.6748,4095.563,4587.031,1.2543,0.0336,0.5795
Actitis_macularius,XC1007571,0.5468,0.5852,3674.267,4534.202,1.6084,0.0384,1.0232
Actitis_macularius,XC1007577,2.7024,2.7609,3798.561,4618.705,3.1854,0.0585,0.4245
Actitis_macularius,XC1007580,0.7139,0.776,4155.34,4912.621,1.3471,0.0621,0.5711
Aegolius_harrisii,XC1645,0.5506,1.5313,989.026,2167.131,6.4521,0.9807,4.9208
Aegolius_harrisii,XC10624,3.1058,3.1432,1721.203,2244.541,5.3037,0.0374,2.1605
Aegolius_harrisii,XC16472,0.1644,5.6754,888.582,2517.649,7.7896,5.511,2.1142
Aegolius_harrisii,XC132315,0.3142,10.1216,848.077,1356.923,14.9084,9.8074,4.7868
Aegolius_harrisii,XC148665,3.0933,7.2307,964.009,1167.672,17.2841,4.1374,10.0534
Agamia_agami,XC257327,2.7028,3.053,215.802,5637.831,10.7887,0.3502,7.7357
Agamia_agami,XC257326,2.033,2.3453,167.045,1937.727,3.1019,0.3123,0.7566
Agamia_agami,XC75997,0.3842,54.7831,264.151,2056.604,0.0,54.3989,-54.7831
Agamia_agami,XC75995,1.4514,12.5863,2475.645,17948.424,24.4923,11.1349,11.906
Agamia_agami,XC11402,2.3339,3.2932,69.399,1896.914,3.8871,0.9593,0.5939
Agelaioides_badius,XC13911,0.41,0.659,3001.596,8225.528,2.9429,0.249,2.2839
Agelaioides_badius,XC15608,6.0787,6.3597,2574.331,11997.355,6.5839,0.281,0.2242
Agelaioides_badius,XC107073,10.2454,16.659,2672.864,14704.372,25.6544,6.4136,8.9954
Agelaioides_badius,XC107883,0.8422,1.1214,2878.469,8053.901,4.9089,0.2792,3.7875
Agelaioides_badius,XC171663,0.5124,0.7454,2088.685,5370.903,16.46,0.233,15.7146
Agelasticus_cyanopus,XC1025220,5.0792,6.3797,2657.583,4802.631,27.491,1.3005,21.1113
Agelasticus_cyanopus,XC1012163,7.6872,9.227,2389.655,14772.414,10.6804,1.5398,1.4534
Agelasticus_cyanopus,XC2775,0.2685,1.3701,1904.117,12307.19,17.7701,1.1016,16.4
Agelasticus_cyanopus,XC2774,0.3273,1.5403,2486.385,15229.107,9.1335,1.213,7.5932
Agelasticus_cyanopus,XC347857,1.2382,1.2915,607.469,14629.879,14.6736,0.0533,13.3821
Alectrurus_risora,XC45200,9.2166,12.4033,384.032,2265.79,14.6961,3.1867,2.2928
Alectrurus_risora,XC70492,0.2969,0.9583,1881.757,2457.806,0.0,0.6614,-0.9583
Alectrurus_risora,XC389783,1.3863,6.967,266.538,2132.308,10.2728,5.5807,3.3058
Alectrurus_tricolor,XC944573,30.244,32.8752,225.0,9337.5,40.7924,2.6312,7.9172
Alectrurus_tricolor,XC944569,2.4925,2.7743,705.087,9294.331,7.6336,702.5945,4.8593
Alectrurus_tricolor,XC209629,0.5406,0.7407,3073.892,6029.557,0.0,0.2001,-0.7407
Alectrurus_tricolor,XC836138,4.1326,4.2371,1243.51,4113.149,0.0,0.1045,-4.2371
Alectrurus_tricolor,XC836142,15.8349,16.3905,280.892,10006.768,24.933,0.5556,8.5425
Alipiopsitta_xanthops,XC11367,0.3469,5.0544,823.846,15604.615,5.4013,4.7075,0.3469
Alipiopsitta_xanthops,XC118838,0.4104,0.6286,903.072,8503.925,17.0875,0.2182,16.4589
Alipiopsitta_xanthops,XC173418,0.0,15.7613,1088.544,9294.494,16.1635,15.7613,0.4022
Alipiopsitta_xanthops,XC286594,6.5588,7.2587,685.679,15027.805,8.583,0.6999,1.3243
Alipiopsitta_xanthops,XC299160,1.2636,7.173,975.824,11578.022,8.8824,5.9094,1.7094
Alopochelidon_fucata,XC21609,4.3859,4.9349,1806.565,5668.637,8.0276,0.549,3.0927
Alopochelidon_fucata,XC22285,0.3626,2.6056,4336.922,6867.584,3.2597,2.243,0.6541
Alopochelidon_fucata,XC151133,0.4011,1.4975,2377.138,5342.511,1.9891,1.0964,0.4916
Alopochelidon_fucata,XC230000,0.4668,1.176,2226.724,8689.655,1.5719,0.7092,0.3959
Alopochelidon_fucata,XC230001,0.3144,0.9253,2934.983,6130.493,1.5029,0.6109,0.5776
Amaurospiza_moesta,XC1014670,0.2954,1.3818,2449.36,6094.24,5.0562,1.0864,3.6744
Amaurospiza_moesta,XC154389,3.4327,4.6341,2979.984,5374.615,6.0345,1.2014,1.4004
Amaurospiza_moesta,XC119060,4.902,6.2217,2661.207,8255.172,8.9019,1.3197,2.6802
Amaurospiza_moesta,XC112527,1.5614,3.0049,2603.69,18632.657,13.4789,1.4435,10.474
Amaurospiza_moesta,XC154373,1.4305,4.0579,1694.75,5214.617,8.8424,2.6274,4.7845
Amazona_aestiva,XC1000968,16.354,19.466,537.645,5746.081,22.2605,3.112,2.7945
Amazona_aestiva,XC1023532,4.7078,6.2994,788.152,15386.1,12.6232,1.5916,6.3238
Amazona_aestiva,XC1050642,4.7358,12.7169,632.874,8745.163,13.7198,7.9811,1.0029
Amazona_aestiva,XC1050643,10.0832,11.6053,630.0,6106.154,11.9832,1.5221,0.3779
Amazona_aestiva,XC108617,6.2027,9.6639,549.533,11814.953,24.1255,3.4612,14.4616
Amazona_amazonica,XC100686,14.5684,17.6988,815.559,4233.965,26.3298,3.1304,8.631
Amazona_amazonica,XC1019628,15.9364,18.8203,816.458,5162.118,20.1747,2.8839,1.3544
Amazona_amazonica,XC1032337,0.4735,1.5088,472.906,8689.655,1.7297,1.0353,0.2209
Amazona_amazonica,XC1033826,0.1646,3.387,1023.75,6142.5,4.0963,3.2224,0.7093
Amazona_amazonica,XC1033827,0.0319,1.301,658.209,13081.903,1.618,1.2691,0.317
Amazonetta_brasiliensis,XC123179,0.349,1.8585,2573.015,5069.224,3.3723,1.5095,1.5138
Amazonetta_brasiliensis,XC178246,3.0049,14.9528,2147.727,6385.909,16.5456,11.9479,1.5928
Amazonetta_brasiliensis,XC14483,11.719,13.9953,3302.154,7189.499,14.9185,2.2763,0.9232
Amazonetta_brasiliensis,XC123178,1.3075,1.5577,1267.306,5837.288,2.7278,0.2502,1.1701
Amazonetta_brasiliensis,XC1082194,1.1029,2.4943,2734.884,21109.884,15.1489,1.3914,12.6546
Amblyramphus_holosericeus,XC116262,1.4188,2.0427,1230.769,21802.198,8.8395,0.6239,6.7968
Amblyramphus_holosericeus,XC117992,6.3893,7.4149,959.49,20697.559,8.5959,1.0256,1.181
Amblyramphus_holosericeus,XC123598,4.132,4.1941,1170.384,8067.287,5.2278,0.0621,1.0337
Amblyramphus_holosericeus,XC13931,0.9027,1.5751,2530.351,8051.118,7.4663,0.6724,5.8912
Amblyramphus_holosericeus,XC13932,0.9235,0.9865,1418.719,8571.429,2.1224,0.063,1.1359
Ammodramus_humeralis,XC1003788,0.8219,2.9143,3258.621,20420.69,16.1086,2.0924,13.1943
Ammodramus_humeralis,XC1009532,1.0951,3.3986,3315.575,10851.344,13.1029,2.3035,9.7043
Ammodramus_humeralis,XC1019659,1.2008,1.6426,2790.447,3118.734,1.8097,0.4418,0.1671
Ammodramus_humeralis,XC103909,1.1097,2.5793,2989.011,8474.725,3.4673,1.4696,0.888
Ammodramus_humeralis,XC106444,1.0356,1.0537,8190.0,11679.231,2.0586,0.0181,1.0049
Anas_bahamensis,XC691740,0.0976,1.1919,342.155,9504.31,2.507,1.0943,1.3151
Anas_bahamensis,XC30858,1.6418,4.2724,1017.692,15168.462,8.984,2.6306,4.7116
Anas_bahamensis,XC602244,0.1502,11.0077,436.154,10516.154,11.812,10.8575,0.8043
Anas_bahamensis,XC257281,2.0573,3.7967,848.077,10558.558,7.0629,1.7394,3.2662
Anas_bahamensis,XC257283,8.0113,8.5281,3154.646,8032.965,14.1812,0.5168,5.6531
Anhima_cornuta,XC1005734,4.0431,4.1874,290.341,2858.473,0.0,0.1443,-4.1874
Anhima_cornuta,XC1059033,14.8908,22.0798,339.231,8383.846,35.3067,7.189,13.2269
Anhima_cornuta,XC106243,4.7327,4.8682,181.577,502.829,7.2737,0.1355,2.4055
Anhima_cornuta,XC108618,0.7009,26.5487,265.573,2390.157,0.0,25.8478,-26.5487
Anhima_cornuta,XC108975,7.8822,12.4573,72.818,569.697,23.0545,4.5751,10.5972
Anhinga_anhinga,XC1028752,2.3344,4.4298,312.877,4979.959,12.1869,2.0954,7.7571
Anhinga_anhinga,XC108819,0.8652,1.7164,322.388,8453.731,17.1428,0.8512,15.4264
Anhinga_anhinga,XC130401,0.2988,0.7208,1453.846,4603.846,1.087,0.422,0.3662
Anhinga_anhinga,XC139949,1.9736,2.7129,727.31,3002.484,6.8112,0.7393,4.0983
Anhinga_anhinga,XC14935,2.1319,3.2037,965.431,2413.577,30.7136,1.0718,27.5099
Anodorhynchus_hyacinthinus,XC115387,1.1716,1.6327,455.586,13268.93,2.0232,0.4611,0.3905
Anodorhynchus_hyacinthinus,XC118933,1.2141,1.9461,702.483,2724.265,7.9629,0.732,6.0168
Anodorhynchus_hyacinthinus,XC115383,2.0994,4.7761,752.613,12376.307,5.0161,2.6767,0.24
Anodorhynchus_hyacinthinus,XC103521,1.8904,3.6862,630.0,4943.077,4.3006,1.7958,0.6144
Anodorhynchus_hyacinthinus,XC115385,1.3413,1.7993,489.796,6040.816,2.748,0.458,0.9487
Anthracothorax_nigricollis,XC1011390,0.4149,0.4564,3461.016,12747.503,1.1176,0.0415,0.6612
Anthracothorax_nigricollis,XC115488,1.4682,3.7299,4313.077,10710.0,5.5751,2.2617,1.8452
Anthracothorax_nigricollis,XC14587,7.7022,7.9391,2022.132,16070.631,8.7643,0.2369,0.8252
Anthracothorax_nigricollis,XC170424,0.4923,0.6103,2762.308,18609.231,1.07,0.118,0.4597
Anthracothorax_nigricollis,XC244180,0.545,1.2003,4458.462,10855.385,2.1021,0.6553,0.9018
Anthus_lutescens,XC11828,3.6549,5.2193,3828.462,21323.077,19.6768,1.5644,14.4575
Anthus_lutescens,XC1000548,2.8412,4.9388,2568.462,15556.154,0.0,2.0976,-4.9388
Anthus_lutescens,XC1018610,2.555,4.7785,2109.89,15718.681,13.0184,2.2235,8.2399
Anthus_lutescens,XC10261,1.0219,1.4932,4022.308,15507.692,3.2405,0.4713,1.7473
Anthus_lutescens,XC1046267,2.9522,5.2937,2004.396,8703.297,13.7264,2.3415,8.4327
Antilophia_galeata,XC119049,7.1035,8.5018,1356.923,20014.615,16.2905,1.3983,7.7887
Antilophia_galeata,XC123221,0.9526,2.2302,1507.769,11239.734,16.5379,1.2776,14.3077
Antilophia_galeata,XC100826,3.6438,5.113,920.769,5136.923,11.0136,1.4692,5.9006
Antilophia_galeata,XC1008352,6.5292,8.0465,1160.44,16931.868,26.7501,1.5173,18.7036
Antilophia_galeata,XC128570,0.7015,1.9257,1239.56,11208.791,11.8932,1.2242,9.9675
Antrostomus_rufus,XC12887,1.1578,2.0458,726.923,2301.923,2.9793,0.888,0.9335
Antrostomus_rufus,XC1064448,0.1658,1.2039,919.587,2424.366,1.8381,1.0381,0.6342
Antrostomus_rufus,XC1019622,0.3555,1.4437,192.016,2304.193,1.7169,1.0882,0.2732
Antrostomus_rufus,XC1033118,0.3728,1.5518,706.034,1846.552,2.8541,1.179,1.3023
Antrostomus_rufus,XC10105,0.8562,2.2557,582.547,2330.189,5.5982,1.3995,3.3425
Anumbius_annumbi,XC1017629,1.4769,3.0491,2551.394,4450.971,3.3879,1.5722,0.3388
Anumbius_annumbi,XC1082304,11.3657,13.0409,1757.609,15658.696,21.7931,1.6752,8.7522
Anumbius_annumbi,XC158758,1.7017,2.6398,1250.814,8208.469,4.1494,0.9381,1.5096
Anumbius_annumbi,XC164039,1.0822,1.8235,1855.104,4394.829,2.314,0.7413,0.4905
Anumbius_annumbi,XC174659,0.3618,1.2371,2604.223,4277.134,3.4385,0.8753,2.2014
Ara_ararauna,XC1016167,0.8852,4.3495,1053.584,10009.044,8.0032,3.4643,3.6537
Ara_ararauna,XC1028505,3.7286,5.4267,642.434,4351.974,6.9806,1.6981,1.5539
Ara_ararauna,XC1044552,5.0203,5.7899,555.044,3405.955,6.0545,0.7696,0.2646
Ara_ararauna,XC1050444,5.957,6.6181,514.012,4626.11,8.3921,0.6611,1.774
Ara_ararauna,XC106569,2.919,3.3592,1163.93,13061.877,6.0485,0.4402,2.6893
Ara_chloropterus,XC1039997,0.7649,1.0376,394.076,5191.524,3.8619,0.2727,2.8243
Ara_chloropterus,XC1036460,4.6775,4.9607,582.547,6802.095,16.8317,0.2832,11.871
Ara_chloropterus,XC1074917,0.2761,1.574,533.077,6009.231,2.8718,1.2979,1.2978
Ara_chloropterus,XC1031769,4.8526,5.9947,501.099,5142.857,6.3461,1.1421,0.3514
Ara_chloropterus,XC1035445,2.2993,2.8638,1170.623,4034.914,3.3875,0.5645,0.5237
Aramides_cajaneus,XC100,1.7619,32.1159,656.793,3112.63,0.0,30.354,-32.1159
Aramides_cajaneus,XC100319,7.1223,7.3287,363.268,668.875,0.0,0.2064,-7.3287
Aramides_cajaneus,XC1005824,0.0216,2.4686,1505.085,13245.608,2.8081,2.447,0.3395
Aramides_cajaneus,XC1018661,0.1874,14.1887,448.352,9837.363,15.1919,14.0013,1.0032
Aramides_cajaneus,XC1044374,0.4002,21.6107,559.469,14807.282,22.4839,21.2105,0.8732
Aramides_ypecaha,XC118839,3.0666,12.8987,678.462,12842.308,13.4045,9.8321,0.5058
Aramides_ypecaha,XC114217,19.793,24.2251,890.955,2004.648,25.5571,4.4321,1.332
Aramides_ypecaha,XC108583,1.5937,2.1213,882.0,10437.0,2.473,0.5276,0.3517
Aramides_ypecaha,XC1012422,17.262,18.0241,1793.077,16089.231,21.8511,0.7621,3.827
Aramides_ypecaha,XC1074177,3.2486,3.7044,290.769,1623.462,5.8573,0.4558,2.1529
Aramus_guarauna,XC1005799,1.3719,1.4864,630.0,7172.308,2.8213,0.1145,1.3349
Aramus_guarauna,XC1012157,25.8033,26.1756,805.286,5037.32,26.7239,0.3723,0.5483
Aramus_guarauna,XC102269,7.1411,7.8287,945.813,14541.872,8.9396,0.6876,1.1109
Aramus_guarauna,XC102270,12.3564,12.819,919.861,11958.188,13.5321,0.4626,0.7131
Aramus_guarauna,XC102272,4.6184,5.117,845.508,15823.087,5.6072,0.4986,0.4902
Aratinga_nenday,XC1082302,2.9794,4.2752,3049.806,9834.767,4.8034,1.2958,0.5282
Aratinga_nenday,XC1045524,3.4367,4.1202,1585.162,8541.228,9.1651,0.6835,5.0449
Aratinga_nenday,XC1016212,3.8884,4.0684,1543.733,10574.572,4.1713,0.18,0.1029
Aratinga_nenday,XC104190,2.5269,2.6977,1479.452,16849.315,2.979,0.1708,0.2813
Aratinga_nenday,XC104191,1.4596,1.6997,1337.581,9948.261,1.9868,0.2401,0.2871
Ardea_alba,XC1015381,0.8881,1.3805,947.368,8763.158,1.8188,0.4924,0.4383
Ardea_alba,XC1045560,5.9207,6.3807,788.152,17784.823,6.9114,0.46,0.5307
Ardea_alba,XC1045561,5.5893,6.0713,908.088,7161.904,6.905,0.482,0.8337
Ardea_alba,XC109029,29.4791,34.4063,1347.368,6484.211,34.7224,4.9272,0.3161
Ardea_alba,XC109030,0.8088,24.0613,1398.058,5825.243,0.0,23.2525,-24.0613
Ardea_cocoi,XC1047708,0.2909,0.694,614.451,9408.787,1.0819,0.4031,0.3879
Ardea_cocoi,XC147638,3.2531,4.6306,579.421,7005.732,4.9407,1.3775,0.3101
Ardea_cocoi,XC219035,1.8917,2.0792,652.367,5153.698,2.6177,0.1875,0.5385
Ardea_cocoi,XC2331,1.6439,1.7981,274.861,8184.765,2.3152,0.1542,0.5171
Ardea_cocoi,XC257304,3.0308,3.3341,614.451,7296.61,3.6311,0.3033,0.297
Arenaria_interpres,XC1027223,1.1998,1.308,2147.618,2781.165,5.5162,0.1082,4.2082
Arenaria_interpres,XC1025129,9.4252,9.5053,1962.692,2616.923,13.9852,0.0801,4.4799
Arenaria_interpres,XC1011503,3.0329,3.3043,2112.177,3225.87,4.9403,0.2714,1.636
Arenaria_interpres,XC1000303,0.6801,0.832,839.204,4121.422,1.8999,0.1519,1.0679
Arenaria_interpres,XC1003017,1.8274,2.5164,799.615,9546.923,4.8199,0.689,2.3035
Arremon_flavirostris,XC1067632,9.397,10.7108,6138.064,20165.999,16.4536,1.3138,5.7428
Arremon_flavirostris,XC1074982,1.6751,3.4559,5342.952,11025.909,8.2762,1.7808,4.8203
Arremon_flavirostris,XC1075019,3.2808,4.7724,4677.511,10969.878,10.9213,1.4916,6.1489
Arremon_flavirostris,XC108619,1.1988,3.2362,4611.352,16139.496,7.2818,2.0374,4.0456
Arremon_flavirostris,XC116391,0.9978,1.0825,6696.769,22890.176,4.2543,0.0847,3.1718
Arremon_taciturnus,XC100697,1.9535,2.9827,7501.458,12967.892,5.5362,1.0292,2.5535
Arremon_taciturnus,XC10152,5.9476,7.4911,8287.265,11220.023,12.0964,1.5435,4.6053
Arremon_taciturnus,XC102537,0.6613,2.6863,8626.233,14264.294,12.3867,2.025,9.7004
Arremon_taciturnus,XC1025532,2.3568,4.6728,7844.281,30335.658,10.2107,2.316,5.5379
Arremon_taciturnus,XC1035444,0.8526,0.9492,8674.615,14150.769,2.5568,0.0966,1.6076
Arundinicola_leucocephala,XC111440,0.5892,0.8267,2368.032,23783.416,7.3009,0.2375,6.4742
Arundinicola_leucocephala,XC111441,1.7699,2.1853,1793.407,18989.011,3.5442,0.4154,1.3589
Arundinicola_leucocephala,XC1064271,10.5789,10.9311,1850.444,5465.663,12.073,0.3522,1.1419
Arundinicola_leucocephala,XC1064268,0.4913,0.5142,3755.769,4325.192,0.834,0.0229,0.3198
Arundinicola_leucocephala,XC1064267,5.0322,5.0558,2503.387,3926.945,7.2397,0.0236,2.1839
Asemospiza_fuliginosa,XC1017168,0.6895,1.4652,5277.192,9629.163,5.3519,0.7757,3.8867
Asemospiza_fuliginosa,XC1017171,1.4407,2.2425,4855.548,9872.948,13.8235,0.8018,11.581
Asemospiza_fuliginosa,XC10307,1.1634,3.3302,2567.482,10878.636,10.8957,2.1668,7.5655
Asemospiza_fuliginosa,XC107708,0.5751,1.3885,3031.538,19944.615,4.5998,0.8134,3.2113
Asemospiza_fuliginosa,XC116147,7.6582,8.7618,4272.527,18830.769,12.6833,1.1036,3.9215
Asemospiza_obscura,XC1025353,0.5894,1.4165,1790.301,18723.566,2.2841,0.8271,0.8676
Asemospiza_obscura,XC1035891,1.1128,2.1764,3641.858,10527.246,4.159,1.0636,1.9826
Asemospiza_obscura,XC1065430,1.392,1.9121,4699.54,10294.231,3.0703,0.5201,1.1582
Asemospiza_obscura,XC129927,3.8849,4.9557,7172.308,8916.923,10.4367,1.0708,5.481
Asemospiza_obscura,XC13867,2.0429,2.5722,4710.755,9179.037,8.8452,0.5293,6.273
Asio_clamator,XC113780,4.3537,10.6856,464.211,2301.711,0.0,6.3319,-10.6856
Asio_clamator,XC1043000,2.1788,2.7427,290.769,3295.385,10.1053,0.5639,7.3626
Asio_clamator,XC1040539,21.3106,22.0722,1371.429,11103.297,54.3186,0.7616,32.2464
Asio_clamator,XC10246,0.922,2.1207,2365.88,14384.549,10.2438,1.1987,8.1231
Asio_clamator,XC1006636,33.1143,33.4434,152.186,395.193,41.1392,0.3291,7.6958
Asio_flammeus,XC1053181,3.2209,3.3484,549.004,3469.703,4.6273,0.1275,1.2789
Asio_flammeus,XC1054547,3.7509,3.948,896.538,3755.769,5.6439,0.1971,1.6959
Asio_flammeus,XC1055079,2.1778,2.5867,1831.515,4345.358,12.2708,0.4089,9.6841
Asio_flammeus,XC1055127,1.8156,2.1833,775.385,4034.423,12.0272,0.3677,9.8439
Asio_flammeus,XC1055294,1.8982,2.0165,1028.024,3957.894,14.7899,0.1183,12.7734
Asio_stygius,XC1033149,2.3583,2.7323,78.75,587.596,15.8563,0.374,13.124
Asio_stygius,XC1090691,2.612,2.8225,1265.934,13767.033,10.7815,0.2105,7.959
Asio_stygius,XC1090695,2.9255,3.1071,1342.726,17231.648,10.3897,0.1816,7.2826
Asio_stygius,XC127054,3.8606,4.1881,714.808,5015.769,12.0009,0.3275,7.8128
Asio_stygius,XC127056,4.4587,4.8457,411.923,5718.462,0.0,0.387,-4.8457
Athene_cunicularia,XC127417,4.6483,5.8871,719.617,9560.628,7.3831,1.2388,1.496
Athene_cunicularia,XC110789,0.9743,3.6141,1254.902,13427.451,14.1808,2.6398,10.5667
Athene_cunicularia,XC15392,0.8364,2.1359,541.227,3728.455,9.0932,1.2995,6.9573
Athene_cunicularia,XC100721,0.2436,2.8628,1502.308,11388.462,4.4657,2.6192,1.6029
Athene_cunicularia,XC1007847,0.8703,1.8523,496.878,2484.392,7.8939,0.982,6.0416
Attila_bolivianus,XC119212,3.2633,7.319,1524.903,2518.66,19.43,4.0557,12.111
Attila_bolivianus,XC13006,14.0308,19.3404,1505.854,17922.414,23.8389,5.3096,4.4985
Attila_bolivianus,XC14530,10.4214,16.9496,1244.571,9161.423,19.2633,6.5282,2.3137
Attila_bolivianus,XC150509,1.5279,8.1064,876.606,9069.495,14.006,6.5785,5.8996
Attila_bolivianus,XC151889,4.8545,9.9848,1170.384,2967.759,11.6152,5.1303,1.6304
Attila_cinnamomeus,XC1034721,0.7511,1.483,1594.687,2303.437,4.5964,0.7319,3.1134
Attila_cinnamomeus,XC1049229,2.0187,3.7137,1930.07,19766.9,6.2574,1.695,2.5437
Attila_cinnamomeus,XC106251,2.9057,4.3306,1936.113,2878.469,5.8221,1.4249,1.4915
Attila_cinnamomeus,XC106253,1.1588,2.532,1627.705,2552.927,4.6909,1.3732,2.1589
Attila_cinnamomeus,XC11714,2.7978,6.9517,1042.923,13610.15,8.6223,4.1539,1.6706
Attila_phoenicurus,XC144617,1.295,2.3496,1872.34,19319.149,4.2049,1.0546,1.8553
Attila_phoenicurus,XC120534,1.7942,2.4428,1850.912,5190.602,3.7536,0.6486,1.3108
Attila_phoenicurus,XC120638,2.9574,3.9509,1608.791,5432.967,4.7792,0.9935,0.8283
Attila_phoenicurus,XC108777,1.4533,1.6579,1690.735,20288.818,1.9744,0.2046,0.3165
Attila_phoenicurus,XC118491,1.9134,3.002,2132.308,3271.154,4.546,1.0886,1.544
Attila_spadiceus,XC10130,1.5252,5.1272,1574.407,2818.696,9.0469,3.602,3.9197
Attila_spadiceus,XC102688,0.7015,3.3229,1753.003,3375.464,4.4366,2.6214,1.1137
Attila_spadiceus,XC1035109,30.1186,32.4334,1970.38,2878.469,36.1964,2.3148,3.763
Attila_spadiceus,XC1035110,7.9446,10.6166,1683.458,5182.41,15.4444,2.672,4.8278
Attila_spadiceus,XC1035583,0.7087,4.5762,1729.784,2661.207,6.5747,3.8675,1.9985
Bartramia_longicauda,XC13803,0.3804,1.9341,630.0,14926.154,13.8156,1.5537,11.8815
Bartramia_longicauda,XC107462,13.731,15.2257,945.813,4256.158,18.4897,1.4947,3.264
Bartramia_longicauda,XC1043426,3.7233,4.2412,1627.705,2672.864,0.0,0.5179,-4.2412
Bartramia_longicauda,XC104333,6.5251,7.6772,1139.814,3926.026,8.9013,1.1521,1.2241
Bartramia_longicauda,XC104531,0.4993,1.5705,1086.53,4427.609,3.5505,1.0712,1.98
Basileuterus_culicivorus,XC1032297,2.4549,4.2202,3170.325,11487.766,23.6402,1.7653,19.42
Basileuterus_culicivorus,XC1009661,0.7476,1.9243,3840.968,8642.177,4.2386,1.1767,2.3143
Basileuterus_culicivorus,XC1017639,0.5951,0.8229,2073.774,7527.03,1.5061,0.2278,0.6832
Basileuterus_culicivorus,XC1018790,0.5754,0.8038,2180.769,16913.077,2.7831,0.2284,1.9793
Basileuterus_culicivorus,XC1035011,1.0178,1.1342,5345.727,7059.101,2.9954,0.1164,1.8612
Botaurus_pinnatus,XC451894,1.4292,1.5773,77.102,325.541,3.0733,0.1481,1.496
Botaurus_pinnatus,XC44441,3.6094,3.9542,42.404,284.712,7.062,0.3448,3.1078
Botaurus_pinnatus,XC439759,4.1992,4.7553,39.56,336.264,5.6172,0.5561,0.8619
Botaurus_pinnatus,XC179796,4.3975,4.5875,109.038,387.692,7.6423,0.19,3.0548
Botaurus_pinnatus,XC175736,1.7174,1.8538,1113.101,2623.738,2.0273,0.1364,0.1735
Brachygalba_lugubris,XC1039999,8.9176,9.5037,3295.385,8480.769,13.7769,0.5861,4.2732
Brachygalba_lugubris,XC1040000,1.2639,2.7973,1576.304,9629.163,12.3122,1.5334,9.5149
Brachygalba_lugubris,XC116100,2.6166,4.3989,3198.462,5718.462,4.8422,1.7823,0.4433
Brachygalba_lugubris,XC118841,0.9947,1.6064,2132.308,8335.385,3.6948,0.6117,2.0884
Brachygalba_lugubris,XC127207,3.1176,3.2612,2005.977,5195.48,7.3481,0.1436,4.0869
Brotogeris_chiriri,XC1003149,4.9463,5.5023,2616.102,11959.322,6.7039,0.556,1.2016
Brotogeris_chiriri,XC10109,0.7821,6.8759,969.231,6978.462,7.8209,6.0938,0.945
Brotogeris_chiriri,XC1019092,0.3002,10.9135,1841.538,15410.769,12.6288,10.6133,1.7153
Brotogeris_chiriri,XC1064067,0.1281,18.7053,2012.903,6696.774,0.0,18.5772,-18.7053
Brotogeris_chiriri,XC1074962,1.4055,14.6811,2014.089,4830.083,15.6463,13.2756,0.9652
Bubo_virginianus,XC1047703,0.5559,1.5709,186.49,526.833,2.9001,1.015,1.3292
Bubo_virginianus,XC1040200,1.6474,6.4192,222.234,612.826,15.0159,4.7718,8.5967
Bubo_virginianus,XC1040135,1.7785,3.9949,175.673,478.558,21.4673,2.2164,17.4724
Bubo_virginianus,XC1029610,1.0599,2.9238,128.503,488.312,20.8324,1.8639,17.9086
Bubo_virginianus,XC100720,7.2986,7.8695,1613.415,5162.927,21.4474,0.5709,13.5779
Bubulcus_ibis,XC1016031,5.9105,11.7366,617.885,1453.846,14.6411,5.8261,2.9045
Bubulcus_ibis,XC1027854,0.2838,4.2001,316.484,5749.451,5.3226,3.9163,1.1225
Bubulcus_ibis,XC1033064,0.9523,3.97,2101.117,3754.659,6.458,3.0177,2.488
Bubulcus_ibis,XC1036890,0.6726,0.7936,3529.551,5003.052,2.0984,0.121,1.3048
Bubulcus_ibis,XC1038607,7.7784,14.466,317.091,10805.476,16.5073,6.6876,2.0413
Busarellus_nigricollis,XC1050433,2.3752,2.9355,1623.462,3755.769,3.5663,0.5603,0.6308
Busarellus_nigricollis,XC1072143,5.9439,8.9633,384.032,13364.318,12.6949,3.0194,3.7316
Busarellus_nigricollis,XC108621,1.3678,2.2658,1698.716,5795.619,3.2292,0.898,0.9634
Busarellus_nigricollis,XC111118,10.1539,13.0092,1986.923,20160.0,17.3174,2.8553,4.3082
Busarellus_nigricollis,XC111235,4.345,4.9868,1737.557,16832.579,5.8897,0.6418,0.9029
Buteo_albonotatus,XC181387,23.9009,28.3303,630.0,14635.385,47.758,4.4294,19.4277
Buteo_albonotatus,XC177740,7.0119,8.4778,1096.559,8875.278,14.3414,1.4659,5.8636
Buteo_albonotatus,XC185145,24.2086,25.7006,1115.891,9819.838,31.1066,1.492,5.406
Buteo_albonotatus,XC13820,2.0888,14.2527,2428.125,3128.125,0.0,12.1639,-14.2527
Buteo_albonotatus,XC161846,1.4781,5.0416,2136.264,6039.56,6.3356,3.5635,1.294
Buteo_brachyurus,XC130142,7.2423,8.0961,1130.827,8292.731,13.2813,0.8538,5.1852
Buteo_brachyurus,XC139297,3.8793,4.4953,3718.681,4694.505,5.2506,0.616,0.7553
Buteo_brachyurus,XC139298,16.8714,17.7302,1684.102,9651.198,18.1841,0.8588,0.4539
Buteo_brachyurus,XC139299,11.5759,12.2803,2057.143,14874.725,17.0355,0.7044,4.7552
Buteo_brachyurus,XC14627,3.7932,4.2499,2350.385,5233.846,5.1126,0.4567,0.8627
Buteo_nitidus,XC117311,0.6899,1.7384,1793.077,10128.462,6.9207,1.0485,5.1823
Buteo_nitidus,XC117312,1.3461,2.4399,1599.231,12648.462,8.7825,1.0938,6.3426
Buteo_nitidus,XC117314,1.3203,2.6267,1260.0,12987.692,11.7047,1.3064,9.078
Buteo_nitidus,XC119255,14.6947,15.5301,1890.0,12212.308,0.0,0.8354,-15.5301
Buteo_nitidus,XC119889,3.0689,3.7817,1841.538,14296.154,22.2745,0.7128,18.4928
Buteo_platypterus,XC1073188,3.3058,4.4925,4436.024,5092.24,21.4436,1.1867,16.9511
Buteo_platypterus,XC1056117,4.6117,5.4303,2215.385,15032.967,12.5941,0.8186,7.1638
Buteo_platypterus,XC1076781,0.8452,2.1628,4506.923,14053.846,11.7465,1.3176,9.5837
Buteo_platypterus,XC1021438,2.9491,4.734,4344.828,10156.034,5.9942,1.7849,1.2602
Buteo_platypterus,XC103861,1.266,2.4588,2389.655,19877.586,8.6238,1.1928,6.165
Buteo_swainsoni,XC12214,2.5716,4.382,1747.642,6819.229,6.9562,1.8104,2.5742
Buteo_swainsoni,XC139794,7.9238,18.8066,1846.154,6435.165,19.1015,10.8828,0.2949
Buteo_swainsoni,XC321710,3.5023,4.9469,1096.559,5962.542,17.8491,1.4446,12.9022
Buteo_swainsoni,XC355089,2.2954,4.1067,1308.462,9353.077,5.6759,1.8113,1.5692
Buteo_swainsoni,XC355090,9.9573,11.7131,872.308,7075.385,0.0,1.7558,-11.7131
Buteogallus_coronatus,XC17420,1.242,3.4619,1611.628,4102.326,7.5183,2.2199,4.0564
Buteogallus_coronatus,XC15734,7.4554,10.0561,1830.218,8798.859,20.6757,2.6007,10.6196
Buteogallus_coronatus,XC147699,2.9009,4.6205,1024.631,11586.207,5.5919,1.7196,0.9714
Buteogallus_coronatus,XC1067452,1.2512,4.5747,1418.719,7921.182,0.0,3.3235,-4.5747
Buteogallus_coronatus,XC11339,9.2309,12.0913,998.78,20820.732,20.019,2.8604,7.9277
Buteogallus_meridionalis,XC1018282,1.1115,14.3672,1898.901,14886.076,39.6848,13.2557,25.3176
Buteogallus_meridionalis,XC113751,8.1903,10.8775,2052.703,2582.432,11.6659,2.6872,0.7884
Buteogallus_meridionalis,XC116586,1.3112,2.4398,1308.462,4313.077,17.5436,1.1286,15.1038
Buteogallus_meridionalis,XC121234,0.3763,1.411,1476.923,4483.516,0.0,1.0347,-1.411
Buteogallus_meridionalis,XC127982,1.2164,2.0873,1412.069,9341.379,17.4796,0.8709,15.3923
Buteogallus_urubitinga,XC15428,5.8732,9.0539,1647.692,8383.846,0.0,3.1807,-9.0539
Buteogallus_urubitinga,XC133222,7.1998,10.29,5815.385,6784.615,12.4882,3.0902,2.1982
Buteogallus_urubitinga,XC11774,10.9656,17.7168,2374.615,11436.923,24.0179,6.7512,6.3011
Buteogallus_urubitinga,XC117428,0.6691,3.5814,1439.466,4678.264,21.567,2.9123,17.9856
Buteogallus_urubitinga,XC117426,4.2825,6.7331,1599.231,9304.615,0.0,2.4506,-6.7331
Butorides_striata,XC1000521,3.0511,4.4217,1107.692,9336.264,5.1885,1.3706,0.7668
Butorides_striata,XC1002436,3.0327,3.3084,1885.714,2756.044,10.6145,0.2757,7.3061
Butorides_striata,XC1003866,3.0114,3.2609,1864.897,2545.584,11.8319,0.2495,8.571
Butorides_striata,XC1004385,12.0843,12.3829,925.222,13295.783,13.0679,0.2986,0.685
Butorides_striata,XC1006320,9.8829,9.9018,2848.352,11551.648,0.0,0.0189,-9.9018
Cacicus_cela,XC100331,0.9982,1.4322,372.979,10990.46,7.7471,0.434,6.3149
Cacicus_cela,XC100689,2.6467,3.8775,581.538,9934.615,5.9949,1.2308,2.1174
Cacicus_cela,XC103375,0.5519,1.5821,788.152,10348.78,4.5721,1.0302,2.99
Cacicus_cela,XC1037378,0.9248,1.5698,342.675,11274.002,3.176,0.645,1.6062
Cacicus_cela,XC10488,1.0259,1.3678,2281.034,9450.0,9.2713,0.3419,7.9035
Cacicus_chrysopterus,XC129761,0.9152,1.5986,1490.116,3525.397,3.3221,0.6834,1.7235
Cacicus_chrysopterus,XC114461,1.8987,2.2867,1476.923,14663.736,4.1183,0.388,1.8316
Cacicus_chrysopterus,XC1053000,1.597,1.9999,1850.444,13330.051,3.2182,0.4029,1.2183
Cacicus_chrysopterus,XC1018386,2.5126,3.476,1029.808,2895.577,10.1636,0.9634,6.6876
Cacicus_chrysopterus,XC1003139,1.9686,2.6874,1310.607,3027.954,5.4245,0.7188,2.7371
Cacicus_haemorrhous,XC1035077,0.9193,2.3036,984.375,12009.375,6.6938,1.3843,4.3902
Cacicus_haemorrhous,XC1035749,2.8216,2.9905,1233.629,6168.147,12.0324,0.1689,9.0419
Cacicus_haemorrhous,XC1050546,7.0188,9.1067,1381.154,7705.385,11.1605,2.0879,2.0538
Cacicus_haemorrhous,XC1050547,6.438,6.7326,1284.231,8553.462,7.4996,0.2946,0.767
Cacicus_haemorrhous,XC108779,0.5291,1.5639,725.329,16102.303,8.7513,1.0348,7.1874
Cacicus_solitarius,XC10180,10.8753,14.7365,2516.24,3527.23,23.876,3.8612,9.1395
Cacicus_solitarius,XC1030219,0.9444,1.8539,960.135,1390.541,5.2757,0.9095,3.4218
Cacicus_solitarius,XC106724,2.0717,3.5949,1113.693,5602.733,11.3946,1.5232,7.7997
Cacicus_solitarius,XC124530,2.1994,3.1873,1673.591,10433.234,4.9241,0.9879,1.7368
Cacicus_solitarius,XC128803,8.6214,9.2276,945.652,9163.043,9.455,0.6062,0.2274
Cairina_moschata,XC117941,1.3623,3.7553,102.802,4403.371,0.0,2.393,-3.7553
Cairina_moschata,XC1087444,1.5932,9.5856,799.615,10249.615,10.2029,7.9924,0.6173
Cairina_moschata,XC117942,1.0617,6.5567,18.173,772.356,0.0,5.495,-6.5567
Cairina_moschata,XC1045463,36.8811,39.4418,55.685,394.076,42.6839,2.5607,3.2421
Cairina_moschata,XC1070873,0.3217,2.7494,764.299,9935.89,4.904,2.4277,2.1546
Calidris_alba,XC1042161,1.7611,19.6177,2168.654,4749.231,23.1808,17.8566,3.5631
Calidris_alba,XC1042162,6.3196,9.6879,2604.808,3259.038,10.8004,3.3683,1.1125
Calidris_alba,XC1042262,7.4477,17.37,1713.374,2484.392,19.7232,9.9223,2.3532
Calidris_alba,XC1042370,2.6154,4.025,2847.115,3719.423,6.3898,1.4096,2.3648
Calidris_alba,XC1042562,6.9492,7.0145,1987.514,6682.159,11.1998,0.0653,4.1853
Calidris_bairdii,XC147069,5.5775,6.0401,989.082,11868.983,8.4847,0.4626,2.4446
Calidris_bairdii,XC147070,2.4594,2.6248,1255.132,7202.346,3.0635,0.1654,0.4387
Calidris_bairdii,XC147071,3.1982,3.8443,998.268,15822.554,5.6116,0.6461,1.7673
Calidris_bairdii,XC147072,5.4107,5.7386,1259.016,16367.213,9.1634,0.3279,3.4248
Calidris_bairdii,XC147073,34.2656,41.777,1342.726,6489.842,42.026,7.5114,0.249
Calidris_canutus,XC1024538,2.8088,3.0275,876.502,2909.239,5.1414,0.2187,2.1139
Calidris_canutus,XC1006207,1.8381,2.2098,2241.346,2895.577,3.3147,0.3717,1.1049
Calidris_canutus,XC1025055,3.6392,4.1038,2035.385,2750.192,5.3408,0.4646,1.237
Calidris_canutus,XC1000308,2.4508,2.5259,727.31,3450.059,6.4242,0.0751,3.8983
Calidris_canutus,XC1003477,2.1364,2.4108,2237.876,3039.782,3.3947,0.2744,0.9839
Calidris_fuscicollis,XC1079863,0.9793,1.0329,3687.94,9705.106,2.472,0.0536,1.4391
Calidris_fuscicollis,XC147082,0.5517,0.5894,2889.632,15571.906,0.7681,0.0377,0.1787
Calidris_fuscicollis,XC147083,1.9838,3.7326,2795.604,17353.846,4.0047,1.7488,0.2721
Calidris_fuscicollis,XC147084,3.2934,3.7956,2584.615,17711.887,3.994,0.5022,0.1984
Calidris_fuscicollis,XC147085,0.6578,1.5314,4536.264,10443.956,2.0915,0.8736,0.5601
Calidris_himantopus,XC145929,2.0327,2.1369,1054.945,4641.758,2.7143,0.1042,0.5774
Calidris_himantopus,XC145928,4.0557,5.8061,1397.802,6514.286,7.7758,1.7504,1.9697
Calidris_himantopus,XC145917,1.9313,2.68,1104.249,4126.404,8.0242,0.7487,5.3442
Calidris_himantopus,XC145915,9.1345,9.4225,1253.211,15142.964,14.1224,0.288,4.6999
Calidris_himantopus,XC145916,4.6087,5.568,911.851,4483.268,6.927,0.9593,1.359
Calidris_melanotos,XC1048167,1.0197,1.7638,2432.991,4831.715,2.0259,0.7441,0.2621
Calidris_melanotos,XC1060874,10.8174,15.1207,171.337,9252.22,19.4458,4.3033,4.3251
Calidris_melanotos,XC10926,0.7799,5.0098,2180.769,3925.385,6.7039,4.2299,1.6941
Calidris_melanotos,XC109321,0.9597,1.0997,1478.077,4506.923,1.7467,0.14,0.647
Calidris_melanotos,XC113149,1.4425,1.9611,1226.374,5762.637,8.9096,0.5186,6.9485
Calidris_minutilla,XC1021174,10.9391,11.2184,3416.538,4555.385,11.6823,0.2793,0.4639
Calidris_minutilla,XC1021166,14.4791,14.6719,3238.277,4300.569,15.6036,0.1928,0.9317
Calidris_minutilla,XC1021157,1.2663,1.896,3238.277,4214.9,2.7519,0.6297,0.8559
Calidris_minutilla,XC1012727,3.6352,4.1577,2927.473,7358.242,4.2203,0.5225,0.0626
Calidris_minutilla,XC1012724,2.731,3.6546,2452.747,7832.967,4.5097,0.9236,0.8551
Calidris_pusilla,XC1027122,6.3027,7.2909,1213.187,4443.956,7.6557,0.9882,0.3648
Calidris_pusilla,XC1027130,4.5146,4.6766,1173.626,4800.0,6.8666,0.162,2.19
Calidris_pusilla,XC1027131,7.8668,9.0713,1054.945,3679.121,9.5721,1.2045,0.5008
Calidris_pusilla,XC1027132,4.8455,4.9757,962.637,4575.824,5.7112,0.1302,0.7355
Calidris_pusilla,XC1046336,1.7155,3.7901,1268.13,6881.47,9.3673,2.0746,5.5772
Calidris_subruficollis,XC106443,0.4143,0.5003,1514.423,3889.038,2.3327,0.086,1.8324
Calidris_subruficollis,XC435876,1.1436,1.2028,969.231,7778.077,2.9037,0.0592,1.7009
Calidris_subruficollis,XC435877,0.5635,0.6302,1284.231,7608.462,3.0101,0.0667,2.3799
Calidris_subruficollis,XC48603,1.7849,1.864,508.846,9450.0,2.6893,0.0791,0.8253
Calidris_subruficollis,XC997530,4.1219,4.1737,1503.297,9810.989,4.9862,0.0518,0.8125
Calliphlox_amethystina,XC484629,0.4786,0.5687,2330.189,14426.61,0.7075,0.0901,0.1388
Calliphlox_amethystina,XC468193,9.673,11.0448,4035.165,9230.769,21.1183,1.3718,10.0735
Calliphlox_amethystina,XC404657,5.265,6.1612,2256.867,17549.023,7.1244,0.8962,0.9632
Calliphlox_amethystina,XC178079,6.6549,7.2213,1066.154,9910.385,8.6915,0.5664,1.4702
Calliphlox_amethystina,XC173414,2.7312,3.2496,548.28,15180.495,4.5699,0.5184,1.3203
Callonetta_leucophrys,XC1018599,3.1735,4.0051,411.21,7093.369,10.8519,0.8316,6.8468
Callonetta_leucophrys,XC444201,2.2135,2.6821,534.604,3244.921,26.2381,0.4686,23.556
Callonetta_leucophrys,XC44463,1.4519,1.9179,993.462,5476.154,5.7006,0.466,3.7827
Callonetta_leucophrys,XC687762,3.4407,4.0371,411.21,3375.347,20.8428,0.5964,16.8057
Callonetta_leucophrys,XC687765,3.8907,4.6026,387.692,5670.0,17.0173,0.7119,12.4147
Campephilus_leucopogon,XC1671,0.2642,0.5683,528.532,14746.053,2.1912,0.3041,1.6229
Campephilus_leucopogon,XC176366,5.8679,6.1007,2229.231,8480.769,0.0,0.2328,-6.1007
Campephilus_leucopogon,XC197046,2.0554,2.4664,1302.164,10691.455,3.5528,0.411,1.0864
Campephilus_leucopogon,XC197047,1.868,2.1781,719.617,12541.899,3.376,0.3101,1.1979
Campephilus_leucopogon,XC197048,2.8851,2.9768,387.692,14586.923,32.0688,0.0917,29.092
Campephilus_melanoleucos,XC11422,0.6148,0.8271,548.28,13604.191,2.0932,0.2123,1.2661
Campephilus_melanoleucos,XC1086786,20.1118,27.3621,969.231,1696.154,28.6323,7.2503,1.2702
Campephilus_melanoleucos,XC119916,2.8984,3.1048,925.222,13535.656,4.4158,0.2064,1.311
Campephilus_melanoleucos,XC100699,0.1516,0.3809,896.538,10928.077,1.6352,0.2293,1.2543
Campephilus_melanoleucos,XC1072081,1.2607,1.8903,872.308,8989.615,3.0456,0.6296,1.1553
Campephilus_rubricollis,XC1035084,0.4012,0.8062,1250.763,2347.323,2.1324,0.405,1.3262
Campephilus_rubricollis,XC111,0.8759,1.0083,1114.44,13214.079,3.7153,0.1324,2.707
Campephilus_rubricollis,XC114412,7.824,8.5744,1380.024,5165.765,17.9333,0.7504,9.3589
Campephilus_rubricollis,XC11654,0.5506,0.8866,1599.231,15507.692,2.0808,0.336,1.1942
Campephilus_rubricollis,XC119821,0.7042,1.2411,1233.629,3683.754,2.4763,0.5369,1.2352
Camptostoma_obsoletum,XC1006654,1.6668,2.2427,3015.914,11779.134,6.2462,0.5759,4.0035
Camptostoma_obsoletum,XC1017621,0.8566,1.4046,2156.538,7075.385,4.761,0.548,3.3564
Camptostoma_obsoletum,XC1032074,5.2293,5.5891,3246.923,7059.101,8.0402,0.3598,2.4511
Camptostoma_obsoletum,XC1032082,29.5441,30.6681,2810.769,3622.5,39.7811,1.124,9.113
Camptostoma_obsoletum,XC1032086,12.0154,13.2669,3045.119,7111.059,26.5397,1.2515,13.2728
Campylorhamphus_trochilirostris,XC106503,12.5306,14.3188,2090.316,4660.378,23.3905,1.7882,9.0717
Campylorhamphus_trochilirostris,XC1053611,2.7852,3.261,1800.0,18525.0,7.7839,0.4758,4.5229
Campylorhamphus_trochilirostris,XC107093,2.7774,6.5835,822.42,15317.565,8.6556,3.8061,2.0721
Campylorhamphus_trochilirostris,XC1035362,1.17,3.825,2672.864,3700.888,5.1104,2.655,1.2854
Campylorhamphus_trochilirostris,XC1053610,4.7877,5.0435,2374.615,18706.154,13.688,0.2558,8.6445
Campylorhynchus_turdinus,XC1003400,1.8126,4.2662,870.33,8940.659,47.9945,2.4536,43.7283
Campylorhynchus_turdinus,XC1009593,0.7156,0.9644,2143.04,16970.563,2.1877,0.2488,1.2233
Campylorhynchus_turdinus,XC1034570,3.5526,4.4705,1072.527,3164.835,8.3154,0.9179,3.8449
Campylorhynchus_turdinus,XC1050629,4.4046,4.6779,1041.923,8795.769,6.0559,0.2733,1.378
Campylorhynchus_turdinus,XC106257,0.494,0.7992,3876.923,15023.077,8.3114,0.3052,7.5122
Cantorchilus_guarayanus,XC2190,0.8548,1.2121,1007.975,15297.515,4.342,0.3573,3.1299
Cantorchilus_guarayanus,XC192731,1.0084,2.2814,2303.731,18923.507,6.8964,1.273,4.615
Cantorchilus_guarayanus,XC17642,0.4581,0.9636,2450.439,15917.56,1.3946,0.5055,0.431
Cantorchilus_guarayanus,XC1064079,1.8813,4.0487,2181.929,7422.29,7.1465,2.1674,3.0978
Cantorchilus_guarayanus,XC145497,1.3484,1.6876,2014.089,15702.433,3.6307,0.3392,1.9431
Cantorchilus_leucotis,XC100338,1.7101,2.012,1243.265,3841.688,8.2082,0.3019,6.1962
Cantorchilus_leucotis,XC1004627,3.3829,3.7955,1344.808,3259.038,7.9643,0.4126,4.1688
Cantorchilus_leucotis,XC1018879,1.2025,2.5528,738.462,6804.396,6.3125,1.3503,3.7597
Cantorchilus_leucotis,XC102846,6.7878,7.8879,1267.897,7024.834,12.5785,1.1001,4.6906
Cantorchilus_leucotis,XC1039655,2.9825,4.2839,1268.13,7030.662,10.2485,1.3014,5.9646
Capsiempis_flaveola,XC1004566,0.7658,1.1067,1147.961,2878.469,2.131,0.3409,1.0243
Capsiempis_flaveola,XC1004563,2.8589,3.1865,1250.763,4626.11,3.6142,0.3276,0.4277
Capsiempis_flaveola,XC1004216,0.7344,5.3455,1332.692,4434.231,21.8181,4.6111,16.4726
Capsiempis_flaveola,XC1004213,0.2995,0.7536,1369.038,4918.846,2.0029,0.4541,1.2493
Capsiempis_flaveola,XC1004211,0.5417,0.892,1182.228,4831.715,2.9671,0.3503,2.0751
Caracara_plancus,XC1012391,5.9955,8.5274,1113.693,5637.001,12.8946,2.5319,4.3672
Caracara_plancus,XC1050466,3.1988,6.2825,1114.615,6954.231,13.0816,3.0837,6.7991
Caracara_plancus,XC1084214,0.3056,3.4736,791.209,7191.209,6.4092,3.168,2.9356
Caracara_plancus,XC113948,4.1864,4.4537,823.846,15168.462,8.9119,0.2673,4.4582
Caracara_plancus,XC123190,1.7486,3.6326,1045.158,6270.949,13.001,1.884,9.3684
Cariama_cristata,XC1003080,31.5161,37.2818,999.029,5965.023,37.5539,5.7657,0.2721
Cariama_cristata,XC1029941,0.8703,3.9134,1260.0,3295.385,11.2579,3.0431,7.3445
Cariama_cristata,XC1044377,0.5161,5.2042,857.853,8727.718,6.1996,4.6881,0.9954
Cariama_cristata,XC1048,11.6157,17.077,1029.808,3283.269,17.2726,5.4613,0.1956
Cariama_cristata,XC1064768,0.1378,9.4714,1044.342,15851.625,9.7842,9.3336,0.3128
Casiornis_rufus,XC2726,1.2643,1.6974,1986.923,13084.615,1.8946,0.4331,0.1972
Casiornis_rufus,XC158133,0.3461,0.8627,3426.748,13192.981,6.9125,0.5166,6.0498
Casiornis_rufus,XC108074,1.5878,1.8726,2027.975,4609.034,12.1278,0.2848,10.2552
Casiornis_rufus,XC102561,1.0088,1.4168,3990.88,12867.789,6.4024,0.408,4.9856
Casiornis_rufus,XC1017287,0.8152,1.2763,3871.044,13441.125,2.0832,0.4611,0.8069
Cathartes_aura,XC115721,1.1483,1.2364,2867.557,5943.938,1.2467,0.0881,0.0103
Cathartes_aura,XC16325,3.4116,6.182,1670.54,2630.62,0.0,2.7704,-6.182
Cathartes_aura,XC39894,10.5676,10.7858,651.082,13844.063,0.0,0.2182,-10.7858
Cathartes_aura,XC780516,2.9186,29.6107,1324.077,1836.924,0.0,26.6921,-29.6107
Cathartes_aura,XC904279,1.7821,2.1977,4894.615,21226.154,9.0199,0.4156,6.8222
Cathartes_burrovianus,XC717346,2.1935,4.2801,460.385,3780.0,0.0,2.0866,-4.2801
Catharus_fuscescens,XC1011285,3.1446,3.3072,2244.52,3769.423,5.9872,0.1626,2.68
Catharus_fuscescens,XC1012566,0.7634,2.2934,2312.472,13725.642,6.8768,1.53,4.5834
Catharus_fuscescens,XC1012568,1.2679,3.2129,2014.089,14546.197,5.3506,1.945,2.1377
Catharus_fuscescens,XC1012571,0.6782,3.0884,1371.429,7147.253,4.3572,2.4102,1.2688
Catharus_fuscescens,XC1012932,6.806,7.067,1410.989,3810.989,9.4397,0.261,2.3727
Celeus_flavescens,XC108625,0.8548,1.0638,1028.024,10040.372,1.3934,0.209,0.3296
Celeus_flavescens,XC108624,4.2887,6.0395,1165.094,14837.82,13.7465,1.7508,7.707
Celeus_flavescens,XC109382,2.5182,3.6428,799.615,9207.692,9.7187,1.1246,6.0759
Celeus_flavescens,XC1012126,2.8069,4.2338,2459.502,11108.75,5.4286,1.4269,1.1948
Celeus_flavescens,XC1013491,0.3884,0.7165,4991.538,6518.077,2.0969,0.3281,1.3804
Celeus_flavus,XC1032412,1.2102,2.9614,1647.692,9886.154,8.0653,1.7512,5.1039
Celeus_flavus,XC114790,1.3973,6.7996,969.746,16112.71,7.6451,5.4023,0.8455
Celeus_flavus,XC114791,1.2521,2.8015,905.097,9390.378,12.9696,1.5494,10.1681
Celeus_flavus,XC121250,10.0573,13.0147,1713.374,14906.355,19.2971,2.9574,6.2824
Celeus_flavus,XC126584,6.5491,7.9406,1853.654,2677.5,15.7078,1.3915,7.7672
Celeus_lugubris,XC1025534,2.4692,3.4636,1582.418,21415.385,19.0392,0.9944,15.5756
Celeus_lugubris,XC128580,2.2567,2.6543,382.418,2980.22,12.6971,0.3976,10.0428
Celeus_lugubris,XC128625,0.5156,0.8412,1292.308,9626.374,1.307,0.3256,0.4658
Celeus_lugubris,XC15556,0.6642,25.9572,4681.356,5353.76,32.8478,25.293,6.8906
Celeus_lugubris,XC204125,2.2438,3.6393,799.615,3731.538,7.6434,1.3955,4.0041
Celeus_torquatus,XC1035784,1.59,3.9491,1425.647,2063.793,11.8734,2.3591,7.9243
Celeus_torquatus,XC1033920,0.3405,2.1317,2025.898,2554.393,14.3924,1.7912,12.2607
Celeus_torquatus,XC1035785,1.2656,3.5482,1181.19,2208.825,24.9942,2.2826,21.446
Celeus_torquatus,XC10122,2.7797,4.1121,1527.566,2633.734,21.0892,1.3324,16.9771
Celeus_torquatus,XC102828,0.2348,1.658,1605.028,2923.445,13.3472,1.4232,11.6892
Cephalopterus_ornatus,XC1078026,1.1809,1.9466,87.81,336.25,3.0813,0.7657,1.1347
Cephalopterus_ornatus,XC1078302,27.2594,28.0843,57.826,406.926,40.117,0.8249,12.0327
Cephalopterus_ornatus,XC18895,1.5746,2.3468,117.055,307.269,3.3377,0.7722,0.9909
Cephalopterus_ornatus,XC284905,1.8192,2.5803,82.117,336.679,14.3679,0.7611,11.7876
Cephalopterus_ornatus,XC73335,11.1446,12.0662,47.118,366.234,30.0934,0.9216,18.0272
Cercomacra_cinerascens,XC1043125,0.6316,1.8496,1216.496,2587.195,3.3157,1.218,1.4661
Cercomacra_cinerascens,XC104253,0.2087,29.8361,3055.618,16599.438,0.0,29.6274,-29.8361
Cercomacra_cinerascens,XC1040496,9.9874,14.0009,960.08,3149.063,21.6868,4.0135,7.6859
Cercomacra_cinerascens,XC10138,0.1686,9.0338,568.694,16018.225,21.3878,8.8652,12.354
Cercomacra_cinerascens,XC1031000,0.5966,11.4008,1501.006,3522.77,16.0407,10.8042,4.6399
Cercomacra_melanaria,XC1050512,2.6222,9.6593,1516.927,3149.063,12.3408,7.0371,2.6815
Cercomacra_melanaria,XC108586,0.3897,4.9876,756.879,4768.337,5.6392,4.5979,0.6516
Cercomacra_melanaria,XC116257,2.8049,3.1614,587.156,3889.908,3.4968,0.3565,0.3354
Cercomacra_melanaria,XC116273,1.2147,4.0188,894.533,3654.805,11.4943,2.8041,7.4755
Cercomacra_melanaria,XC119762,0.775,2.4217,1002.324,4655.237,3.2149,1.6467,0.7932
Certhiaxis_cinnamomeus,XC1040556,1.7398,3.6989,1127.702,6006.238,8.0204,1.9591,4.3215
Certhiaxis_cinnamomeus,XC1036700,0.7157,2.0632,1473.269,5576.042,4.579,1.3475,2.5158
Certhiaxis_cinnamomeus,XC1035568,0.5985,2.1915,3085.856,3722.48,5.0224,1.593,2.8309
Certhiaxis_cinnamomeus,XC10314,0.1302,2.1833,1163.077,14683.846,2.7584,2.0531,0.5751
Certhiaxis_cinnamomeus,XC1012165,3.1055,4.3986,1250.763,7470.311,9.8853,1.2931,5.4867
Chaetura_meridionalis,XC139328,1.4277,2.0777,5881.319,7200.0,2.2395,0.65,0.1618
Chaetura_meridionalis,XC139329,1.4484,2.5784,3956.044,7147.253,5.1885,1.13,2.6101
Chaetura_meridionalis,XC158730,0.132,11.9013,4029.837,7405.184,12.3812,11.7693,0.4799
Chaetura_meridionalis,XC164888,0.1521,2.8682,4196.018,6601.735,6.8445,2.7161,3.9763
Chaetura_meridionalis,XC171427,1.9149,2.4222,3901.154,5670.0,2.7521,0.5073,0.3299
Charadrius_collaris,XC107900,0.1601,2.5454,1865.769,3876.923,4.0306,2.3853,1.4852
Charadrius_collaris,XC107902,1.2315,10.2614,1986.923,3465.0,11.901,9.0299,1.6396
Charadrius_collaris,XC206740,0.7001,0.7875,1925.275,3850.549,1.0029,0.0874,0.2154
Charadrius_collaris,XC21075,2.2792,2.7362,1150.435,3195.652,4.4133,0.457,1.6771
Charadrius_collaris,XC21638,1.3094,1.9334,2833.402,4605.055,3.7134,0.624,1.78
Charadrius_semipalmatus,XC1021646,7.2113,7.3002,2227.386,4273.474,9.7068,0.0889,2.4066
Charadrius_semipalmatus,XC1021645,1.017,1.0492,2683.989,3179.494,1.3317,0.0322,0.2825
Charadrius_semipalmatus,XC1021642,1.5074,1.6107,1387.833,3649.487,3.6444,0.1033,2.0337
Charadrius_semipalmatus,XC1021640,1.8304,2.0638,2132.308,4628.077,4.7752,0.2334,2.7114
Charadrius_semipalmatus,XC1012656,6.3907,6.8708,2983.835,5016.573,7.3646,0.4801,0.4938
Chauna_torquata,XC107903,1.9155,2.3213,872.308,9813.462,6.531,0.4058,4.2097
Chauna_torquata,XC1082667,0.9323,1.297,787.5,9765.0,9.0076,0.3647,7.7106
Chauna_torquata,XC119766,3.7094,4.1166,662.162,9601.351,6.5778,0.4072,2.4612
Chauna_torquata,XC119767,2.2515,2.9179,784.698,10613.628,11.4678,0.6664,8.5499
Chauna_torquata,XC146679,1.3656,1.7937,799.615,9013.846,4.8135,0.4281,3.0198
Chelidoptera_tenebrosa,XC11796,3.57,3.9122,2106.987,12852.621,7.3092,0.3422,3.397
Chelidoptera_tenebrosa,XC118846,13.7604,14.1935,1473.502,11513.874,28.4494,0.4331,14.2559
Chelidoptera_tenebrosa,XC128915,1.087,1.354,4649.573,6324.786,2.7903,0.267,1.4363
Chelidoptera_tenebrosa,XC129005,1.7806,2.3923,4351.648,6646.154,4.0019,0.6117,1.6096
Chelidoptera_tenebrosa,XC238127,12.2886,14.6626,4421.795,6241.455,15.267,2.374,0.6044
Chionomesa_fimbriata,XC118623,0.1467,0.1912,4626.11,9629.163,0.6902,0.0445,0.499
Chionomesa_fimbriata,XC1083447,3.286,3.4065,6079.524,10422.041,3.9743,0.1205,0.5678
Chionomesa_fimbriata,XC106245,0.5797,0.6691,1982.022,17838.202,1.1294,0.0894,0.4603
Chionomesa_fimbriata,XC1051817,5.5906,5.6793,1705.495,6804.396,6.7438,0.0887,1.0645
Chionomesa_fimbriata,XC10150,0.1899,0.3008,1702.105,15860.526,0.6728,0.1109,0.372
Chiroxiphia_caudata,XC1006025,0.7848,0.9106,965.152,6013.636,4.408,0.1258,3.4974
Chiroxiphia_caudata,XC1010718,3.0025,3.9715,1199.362,3306.812,4.8241,0.969,0.8526
Chiroxiphia_caudata,XC1012413,0.5549,0.692,977.586,2824.138,3.4179,0.1371,2.7259
Chiroxiphia_caudata,XC1013680,4.8078,7.2424,1028.024,3495.283,12.7342,2.4346,5.4918
Chiroxiphia_caudata,XC10233,2.0509,2.4181,1186.234,10815.665,3.1914,0.3672,0.7733
Chlidonias_niger,XC1011267,5.7094,11.3962,1938.462,4337.308,13.6538,5.6868,2.2576
Chlidonias_niger,XC1013525,21.1278,23.1848,1122.26,2938.437,24.1038,2.057,0.919
Chlidonias_niger,XC102222,0.7061,2.8436,1356.923,14538.462,2.9478,2.1375,0.1042
Chlidonias_niger,XC1041490,3.5737,3.9416,2904.824,4990.339,6.466,0.3679,2.5244
Chlidonias_niger,XC1042658,7.7694,17.2825,2091.146,5447.108,19.2979,9.5131,2.0154
Chlorestes_cyanus,XC108051,1.2416,2.0493,3734.658,11466.477,10.8073,0.8077,8.758
Chlorestes_cyanus,XC1058577,0.9557,1.823,5886.792,16573.585,4.7883,0.8673,2.9653
Chlorestes_cyanus,XC1044488,0.3809,4.1251,5233.386,7536.076,9.057,3.7442,4.9319
Chlorestes_cyanus,XC1040010,2.4545,4.5635,5584.299,15316.264,13.0584,2.109,8.4949
Chlorestes_cyanus,XC102631,0.8657,2.5531,6632.366,15520.278,3.4428,1.6874,0.8897
Chloroceryle_aenea,XC1026346,3.8885,5.2441,1793.407,22575.824,7.4701,1.3556,2.226
Chloroceryle_aenea,XC1054573,11.7117,11.8369,2483.447,4929.266,12.8445,0.1252,1.0076
Chloroceryle_aenea,XC1058387,0.6533,0.9248,839.553,2518.66,2.0852,0.2715,1.1604
Chloroceryle_aenea,XC1078078,0.8012,0.831,2848.352,5934.066,2.5073,0.0298,1.6763
Chloroceryle_aenea,XC119450,1.068,1.2706,3753.191,16018.085,3.0567,0.2026,1.7861
Chloroceryle_amazona,XC1016902,2.4678,5.6982,2364.456,15214.762,29.5165,3.2304,23.8183
Chloroceryle_amazona,XC172629,0.3101,7.6353,2681.757,5396.622,9.1707,7.3252,1.5354
Chloroceryle_amazona,XC17421,1.3814,1.452,985.337,6334.311,2.2897,0.0706,0.8377
Chloroceryle_amazona,XC181742,7.5042,15.4341,2096.932,13866.809,0.0,7.9299,-15.4341
Chloroceryle_amazona,XC184569,1.9831,2.085,1644.839,11239.734,3.5038,0.1019,1.4188
Chloroceryle_americana,XC118474,0.6155,0.8066,1459.756,13752.439,6.3184,0.1911,5.5118
Chloroceryle_americana,XC116249,1.0652,1.2643,1101.985,11019.846,2.7343,0.1991,1.47
Chloroceryle_americana,XC108678,0.2332,1.3365,1253.571,7585.714,1.9736,1.1033,0.6371
Chloroceryle_americana,XC1078080,1.059,1.3183,2909.239,7608.78,2.4138,0.2593,1.0955
Chloroceryle_americana,XC1037380,1.2619,1.2906,1182.612,9651.644,2.7195,0.0287,1.4289
Chloroceryle_inda,XC1037373,1.5846,2.0071,2121.649,9092.784,9.4586,0.4225,7.4515
Chloroceryle_inda,XC154634,10.0644,10.109,889.261,3794.179,14.1717,0.0446,4.0627
Chloroceryle_inda,XC174552,1.1339,3.1229,3864.611,12348.985,3.9842,1.989,0.8613
Chloroceryle_inda,XC220994,7.8694,8.1844,2109.722,15584.722,9.617,0.315,1.4326
Chloroceryle_inda,XC261816,1.705,1.9361,2944.362,9749.11,4.176,0.2311,2.2399
Chlorostilbon_lucidus,XC1003134,22.5776,22.9944,1487.548,12947.175,26.5304,0.4168,3.536
Chlorostilbon_lucidus,XC1003136,5.0681,5.4322,1559.807,12478.457,7.6688,0.3641,2.2366
Chlorostilbon_lucidus,XC1025718,5.5795,5.9376,3022.159,12054.546,6.5126,0.3581,0.575
Chlorostilbon_lucidus,XC1041245,0.4685,0.5365,4140.071,9622.869,0.9758,0.068,0.4393
Chlorostilbon_lucidus,XC119331,0.4288,0.5375,1478.077,8553.462,1.0537,0.1087,0.5162
Chondrohierax_uncinatus,XC139287,1.8946,3.2328,1529.216,2927.888,9.8236,1.3382,6.5908
Chondrohierax_uncinatus,XC139286,2.1039,3.4206,1753.003,2554.909,12.2208,1.3167,8.8002
Chondrohierax_uncinatus,XC139285,2.6698,4.1747,1740.659,3824.176,10.2183,1.5049,6.0436
Chondrohierax_uncinatus,XC121472,4.056,5.4583,791.209,13239.56,22.7811,1.4023,17.3228
Chondrohierax_uncinatus,XC1012285,2.8353,3.8782,1959.262,5744.955,8.416,1.0429,4.5378
Chordeiles_acutipennis,XC1072160,1.5653,2.3049,490.673,829.904,3.8358,0.7396,1.5309
Chordeiles_acutipennis,XC109163,2.7816,17.3451,396.291,867.177,18.0311,14.5635,0.686
Chordeiles_acutipennis,XC138695,4.3254,7.2931,490.041,775.665,9.1302,2.9677,1.8371
Chordeiles_acutipennis,XC143708,0.3353,3.2124,583.769,726.463,4.7683,2.8771,1.5559
Chordeiles_acutipennis,XC176991,0.0,57.144,388.05,831.456,0.0,57.144,-57.144
Chordeiles_minor,XC1015174,2.0585,2.3067,2800.423,9409.421,4.2408,0.2482,1.9341
Chordeiles_minor,XC1021142,1.5099,1.7491,2571.264,5361.358,4.254,0.2392,2.5049
Chordeiles_minor,XC1021144,6.1713,6.4195,2715.107,4731.276,8.3176,0.2482,1.8981
Chordeiles_minor,XC1021149,1.4137,1.6271,2646.0,5292.0,2.8098,0.2134,1.1827
Chordeiles_minor,XC1021151,10.0546,10.2875,3090.052,5493.426,13.2233,0.2329,2.9358
Chordeiles_nacunda,XC228435,1.2642,1.8161,256.443,564.174,3.5781,0.5519,1.762
Chordeiles_nacunda,XC228434,0.3751,1.043,202.198,651.527,3.3449,0.6679,2.3019
Chordeiles_nacunda,XC228433,0.7732,1.3248,224.664,527.961,3.4652,0.5516,2.1404
Chordeiles_nacunda,XC15945,2.8864,3.3834,1901.994,2667.003,5.7453,0.497,2.3619
Chordeiles_nacunda,XC1039705,1.5648,1.6819,257.006,462.611,4.8276,0.1171,3.1457
Chordeiles_pusillus,XC1028683,2.6827,2.9373,2107.45,4934.517,5.0562,0.2546,2.1189
Chordeiles_pusillus,XC1036462,0.7349,0.7828,1524.903,5739.803,2.0652,0.0479,1.2824
Chordeiles_pusillus,XC1036466,0.1459,0.1907,1404.967,5448.53,1.3956,0.0448,1.2049
Chordeiles_pusillus,XC1052754,1.9814,2.0584,1233.629,1953.247,3.067,0.077,1.0086
Chordeiles_pusillus,XC1052759,4.1783,4.314,1482.069,2021.781,6.3167,0.1357,2.0027
Chroicocephalus_cirrocephalus,XC1084919,1.4869,1.6864,857.544,4313.705,2.0016,0.1995,0.3152
Chroicocephalus_cirrocephalus,XC164399,0.6142,0.9537,1302.164,6202.414,1.5518,0.3395,0.5981
Chroicocephalus_cirrocephalus,XC180917,0.5489,0.7708,1211.538,13811.538,1.7983,0.2219,1.0275
Chroicocephalus_cirrocephalus,XC180919,0.7425,1.023,1404.967,6682.159,1.541,0.2805,0.518
Chroicocephalus_cirrocephalus,XC211816,0.4783,1.0685,993.757,6647.892,1.3418,0.5902,0.2733
Chroicocephalus_maculipennis,XC44339,0.4637,0.9644,1204.096,16405.802,5.8062,0.5007,4.8418
Chroicocephalus_maculipennis,XC22562,0.6248,1.5651,796.875,6656.25,1.8567,0.9403,0.2916
Chroicocephalus_maculipennis,XC1078070,5.4422,6.4209,1696.24,2270.221,7.6618,0.9787,1.2409
Chroicocephalus_maculipennis,XC107509,0.1586,0.7529,1130.827,9183.685,1.1558,0.5943,0.4029
Chroicocephalus_maculipennis,XC107508,0.1423,1.5163,1211.538,8383.846,1.7517,1.374,0.2354
Chrysolampis_mosquitus,XC15479,0.2876,0.3885,3072.257,12212.222,1.1119,0.1009,0.7234
Chrysolampis_mosquitus,XC221076,0.3434,0.4426,3884.623,9206.023,1.2575,0.0992,0.8149
Chrysolampis_mosquitus,XC377215,0.3396,0.4767,4180.633,7333.241,1.1279,0.1371,0.6512
Chrysolampis_mosquitus,XC462247,4.8357,4.8975,4767.248,14077.402,6.4414,0.0618,1.5439
Chrysolampis_mosquitus,XC5219,0.6215,0.7868,3454.5,7129.5,1.8288,0.1653,1.042
Chrysomus_ruficapillus,XC1001556,1.4994,2.942,3094.737,5183.684,5.4523,1.4426,2.5103
Chrysomus_ruficapillus,XC1003131,1.3979,2.3728,3041.379,15739.138,10.5796,0.9749,8.2068
Chrysomus_ruficapillus,XC1017329,2.6064,2.669,1713.374,15214.762,5.3379,0.0626,2.6689
Chrysomus_ruficapillus,XC1018925,3.1757,4.4052,3225.0,19575.0,9.4877,1.2295,5.0825
Chrysomus_ruficapillus,XC1044381,9.5501,10.9926,1476.923,14716.484,13.8778,1.4425,2.8852
Chrysuronia_versicolor,XC142316,3.0973,3.2412,6780.575,9736.729,4.5568,0.1439,1.3156
Chrysuronia_versicolor,XC10634,0.7027,0.86,4347.13,12114.001,1.2372,0.1573,0.3772
Chrysuronia_versicolor,XC106247,5.9635,6.2143,8088.786,10396.769,8.5465,0.2508,2.3322
Chrysuronia_versicolor,XC1048327,0.9859,3.1237,1790.301,14732.686,4.2804,2.1378,1.1567
Chrysuronia_versicolor,XC1017277,0.7325,2.1788,4865.983,14906.355,7.1702,1.4463,4.9914
Ciconia_maguari,XC16348,6.8457,7.1268,565.413,3683.754,7.6266,0.2811,0.4998
Ciconia_maguari,XC50307,0.1622,0.2636,482.576,9948.485,0.7303,0.1014,0.4667
Ciconia_maguari,XC50308,0.9289,0.9883,408.333,11359.091,1.7639,0.0594,0.7756
Circus_buffoni,XC288364,1.313,3.6058,1238.434,9010.676,10.5199,2.2928,6.9141
Circus_buffoni,XC50296,0.9576,1.3645,2793.735,6465.502,1.8672,0.4069,0.5027
Circus_buffoni,XC50297,0.3941,0.744,1141.536,3062.656,3.2644,0.3499,2.5204
Circus_buffoni,XC50379,5.0273,5.2664,2118.919,2681.757,5.6733,0.2391,0.4069
Circus_buffoni,XC528334,12.5315,14.3557,2163.281,4401.157,15.1489,1.8242,0.7932
Cissopis_leverianus,XC118545,0.3687,9.141,2163.281,14359.707,20.5971,8.7723,11.4561
Cissopis_leverianus,XC1048815,2.2625,2.4554,4580.913,18522.822,2.545,0.1929,0.0896
Cissopis_leverianus,XC112201,0.2329,1.2095,4330.701,6472.418,2.9299,0.9766,1.7204
Cissopis_leverianus,XC1003119,2.7132,12.5145,2398.421,7272.632,13.6449,9.8013,1.1304
Cissopis_leverianus,XC1034551,15.3024,18.8435,2513.051,7174.357,31.1369,3.5411,12.2934
Claravis_pretiosa,XC102150,2.0355,9.0227,400.909,672.955,15.2236,6.9872,6.2009
Claravis_pretiosa,XC1037370,1.8695,6.9273,388.43,708.714,14.5207,5.0578,7.5934
Claravis_pretiosa,XC1050442,0.9068,4.0972,408.963,766.805,6.5002,3.1904,2.403
Claravis_pretiosa,XC10674,0.7851,0.9788,373.876,686.889,1.941,0.1937,0.9622
Claravis_pretiosa,XC1075756,2.6738,15.9628,205.139,708.661,18.91,13.289,2.9472
Clibanornis_rectirostris,XC1018592,0.2232,5.6501,632.967,4509.89,7.8369,5.4269,2.1868
Clibanornis_rectirostris,XC10705,1.1686,1.374,872.482,20225.719,3.3359,0.2054,1.9619
Clibanornis_rectirostris,XC11924,2.1331,6.677,323.601,3500.779,6.9077,4.5439,0.2307
Clibanornis_rectirostris,XC173343,3.5736,8.4701,605.769,3610.385,13.6094,4.8965,5.1393
Clibanornis_rectirostris,XC186386,0.1033,3.3774,1836.924,3925.608,7.8689,3.2741,4.4915
Cnemotriccus_fuscatus,XC1035107,0.9027,1.3179,2352.433,6893.175,6.3703,0.4152,5.0524
Cnemotriccus_fuscatus,XC1015637,0.6089,1.2392,1987.514,4300.569,4.5135,0.6303,3.2743
Cnemotriccus_fuscatus,XC1017280,0.4822,0.9644,2223.97,3778.358,7.4437,0.4822,6.4793
Cnemotriccus_fuscatus,XC1004135,1.4904,1.777,1709.573,3035.364,13.4707,0.2866,11.6937
Cnemotriccus_fuscatus,XC1009658,1.29,1.9644,2158.851,5726.953,16.8606,0.6744,14.8962
Coccycua_cinerea,XC29035,1.9426,8.7705,615.894,1192.053,16.9255,6.8279,8.155
Coccycua_cinerea,XC48717,4.9329,14.6512,354.502,3013.264,0.0,9.7183,-14.6512
Coccycua_cinerea,XC50825,3.0447,12.8132,411.153,1735.981,0.0,9.7685,-12.8132
Coccycua_cinerea,XC50826,0.5309,11.1609,497.051,994.102,16.6617,10.63,5.5008
Coccycua_cinerea,XC681543,10.6413,11.8751,315.0,569.423,0.0,1.2338,-11.8751
Coccycua_minuta,XC1002762,4.7889,5.0506,1165.094,9275.13,7.6861,0.2617,2.6355
Coccycua_minuta,XC1002795,2.2288,2.3853,1356.923,7196.538,5.7003,0.1565,3.315
Coccycua_minuta,XC1002796,3.8649,4.0078,945.0,10782.692,7.4754,0.1429,3.4676
Coccycua_minuta,XC1006262,1.7944,2.8673,726.923,7196.538,9.1846,1.0729,6.3173
Coccycua_minuta,XC1006263,2.3561,3.6391,633.948,4300.569,34.3047,1.283,30.6656
Coccyzus_americanus,XC115821,0.948,3.7922,378.439,2548.159,11.2625,2.8442,7.4703
Coccyzus_americanus,XC135357,4.5266,4.7768,635.514,2205.607,5.4023,0.2502,0.6255
Coccyzus_americanus,XC135044,1.0984,6.8414,424.038,992.25,15.8393,5.743,8.9979
Coccyzus_americanus,XC102205,3.7622,13.7558,634.546,4441.823,0.0,9.9936,-13.7558
Coccyzus_americanus,XC1008347,0.6468,2.1319,385.509,968.056,12.1447,1.4851,10.0128
Coccyzus_euleri,XC1059429,1.2679,6.1391,599.712,975.288,12.9443,4.8712,6.8052
Coccyzus_euleri,XC115394,8.4413,18.4949,487.33,2895.316,24.2172,10.0536,5.7223
Coccyzus_euleri,XC441496,2.6165,10.3278,857.853,15627.837,13.9471,7.7113,3.6193
Coccyzus_euleri,XC477964,2.0676,2.3459,373.876,947.733,3.3002,0.2783,0.9543
Coccyzus_euleri,XC55482,1.8587,6.0556,558.411,1094.923,16.9814,4.1969,10.9258
Coccyzus_melacoryphus,XC10326,3.3156,6.3517,515.333,1077.514,14.6406,3.0361,8.2889
Coccyzus_melacoryphus,XC107909,0.395,3.9681,2713.846,10322.308,5.6739,3.5731,1.7058
Coccyzus_melacoryphus,XC174404,0.574,4.5197,565.385,1042.428,12.7633,3.9457,8.2436
Coccyzus_melacoryphus,XC206442,4.3471,6.3858,478.446,1730.848,15.8259,2.0387,9.4401
Coccyzus_melacoryphus,XC221190,0.8448,3.0039,654.231,1114.615,10.3375,2.1591,7.3336
Cochlearius_cochlearius,XC225320,0.4629,2.916,121.154,2471.538,3.365,2.4531,0.449
Cochlearius_cochlearius,XC221196,3.9255,5.572,779.585,1396.4,6.1385,1.6465,0.5665
Cochlearius_cochlearius,XC238142,17.1993,17.9653,214.172,985.19,19.4624,0.766,1.4971
Cochlearius_cochlearius,XC10886,0.8261,11.5655,314.527,6638.176,13.6404,10.7394,2.0749
Cochlearius_cochlearius,XC221011,8.5067,13.6301,339.231,6154.615,0.0,5.1234,-13.6301
Coereba_flaveola,XC1000599,0.2672,2.4108,5483.117,13157.842,7.7591,2.1436,5.3483
Coereba_flaveola,XC101499,3.3507,4.7785,3837.958,9971.837,7.3568,1.4278,2.5783
Coereba_flaveola,XC1016729,2.1897,4.0167,6193.548,10207.885,7.699,1.827,3.6823
Coereba_flaveola,XC1017290,0.2351,0.3185,5704.767,7215.334,0.5536,0.0834,0.2351
Coereba_flaveola,XC102148,0.8417,2.2138,7870.098,10097.485,4.9525,1.3721,2.7387
Colaptes_campestris,XC1008363,0.1856,0.2891,1526.502,12636.042,0.6065,0.1035,0.3174
Colaptes_campestris,XC1041423,0.1315,10.3125,1503.297,5696.703,15.4353,10.181,5.1228
Colaptes_campestris,XC1053971,1.1072,3.1409,2268.132,17301.099,6.0902,2.0337,2.9493
Colaptes_campestris,XC1067266,0.7802,1.2693,2189.011,6092.308,1.7732,0.4891,0.5039
Colaptes_campestris,XC1074533,5.6107,6.2795,934.865,11668.931,6.7476,0.6688,0.4681
Colaptes_melanochloros,XC119353,5.2709,5.3485,1267.897,9320.755,10.9337,0.0776,5.5852
Colaptes_melanochloros,XC115715,0.3441,4.2029,980.249,15377.658,11.3535,3.8588,7.1506
Colaptes_melanochloros,XC1050497,4.9825,5.3759,896.538,3440.769,6.2937,0.3934,0.9178
Colaptes_melanochloros,XC1003111,12.0778,16.277,1176.0,1837.5,28.4349,4.1992,12.1579
Colaptes_melanochloros,XC1048631,2.0634,4.1124,2326.154,4119.231,9.2355,2.049,5.1231
Colibri_serrirostris,XC1017642,0.9586,1.0039,2972.611,6170.99,1.6396,0.0453,0.6357
Colibri_serrirostris,XC741128,0.239,0.3515,4499.194,9725.669,0.5624,0.1125,0.2109
Colibri_serrirostris,XC10527,1.1243,4.1992,1930.303,11953.03,6.3515,3.0749,2.1523
Colibri_serrirostris,XC108702,1.3792,1.4369,2707.131,7093.369,1.7869,0.0577,0.35
Colibri_serrirostris,XC115182,0.3281,4.7828,2445.758,15224.841,7.1226,4.4547,2.3398
Colonia_colonus,XC1018616,0.6932,1.3199,1714.286,4509.89,5.8401,0.6267,4.5202
Colonia_colonus,XC1080169,1.3416,1.9761,2115.498,4556.458,11.8857,0.6345,9.9096
Colonia_colonus,XC11079,1.6295,2.6125,2844.201,5345.727,9.0121,0.983,6.3996
Colonia_colonus,XC115246,0.1287,0.4709,1404.967,7264.706,3.3697,0.3422,2.8988
Colonia_colonus,XC118810,7.5247,7.8292,1370.699,5431.396,8.6944,0.3045,0.8652
Columba_livia,XC1029262,1.241,2.4432,145.385,648.173,3.0336,1.2022,0.5904
Columba_livia,XC1029257,0.4384,6.8634,119.936,411.21,9.6795,6.425,2.8161
Columba_livia,XC1029258,0.9588,16.2693,133.269,545.192,17.7539,15.3105,1.4846
Columba_livia,XC1005047,5.5654,19.2046,197.802,501.099,36.3104,13.6392,17.1058
Columba_livia,XC1023563,2.5644,6.8268,231.306,651.082,9.5728,4.2624,2.746
Columbina_minuta,XC115477,3.7383,12.7205,479.745,745.318,18.5357,8.9822,5.8152
Columbina_minuta,XC129362,1.5927,5.5496,435.268,890.026,10.1411,3.9569,4.5915
Columbina_minuta,XC178624,8.1423,8.2377,445.477,745.318,8.7639,0.0954,0.5262
Columbina_minuta,XC221413,0.2588,14.0837,459.375,775.666,17.144,13.8249,3.0603
Columbina_minuta,XC221416,5.7981,9.4048,490.957,732.129,10.9942,3.6067,1.5894
Columbina_picui,XC1030196,1.5423,5.2934,485.776,865.948,15.0019,3.7511,9.7085
Columbina_picui,XC221428,0.9095,5.4747,452.97,953.621,16.8319,4.5652,11.3572
Columbina_picui,XC221429,1.1904,4.5065,380.285,903.178,16.5257,3.3161,12.0192
Columbina_picui,XC221430,4.8126,9.2773,535.279,919.581,17.5056,4.4647,8.2283
Columbina_picui,XC272803,3.8225,8.1502,460.385,823.846,15.2732,4.3277,7.123
Columbina_squammata,XC1000544.mp3,1.1656,1.8649,3495.732,11159.451,6.4237,6993.0,45588.0
Columbina_squammata,XC103402.mp3,0.8419,1.2028,1073.171,10536.585,1.9996,3609.0,7968.0
Columbina_squammata,XC1035368.mp3,4.8124,6.7767,3073.171,11268.293,10.2632,19643.0,34865.0
Columbina_squammata,XC1018907.mp3,2.1824,2.5075,2634.146,14634.146,2.7164,3251.0,2089.0
Columbina_squammata,XC1030195.mp3,1.4874,2.6029,2957.927,10890.549,4.3692,11155.0,17663.0
Columbina_talpacoti,XC1005811.mp3,8.0233,9.0735,4840.244,19092.073,10.2077,10502.0,11342.0
Columbina_talpacoti,XC1025824.mp3,1.4443,2.3962,2151.22,7260.366,4.1358,9519.0,17396.0
Columbina_talpacoti,XC1025825.mp3,0.8146,1.0386,0.0,9949.39,1.4051,2240.0,3665.0
Columbina_talpacoti,XC1041374.mp3,1.7334,1.9883,1756.098,16829.268,2.2262,2549.0,2379.0
Columbina_talpacoti,XC1046916.mp3,1.9751,2.4474,439.024,10975.61,2.748,4723.0,3006.0
Gallinula_galeata,XC1008509.mp3,0.2486,0.5996,1210.061,7394.817,0.819,3510.0,2194.0
Gallinula_galeata,XC101471.mp3,0.7482,3.3918,2016.768,14924.085,14.0161,26436.0,106243.0
Gampsonyx_swainsonii,XC16052.mp3,0.1703,1.6843,403.354,14924.085,2.8198,15140.0,11355.0
Gampsonyx_swainsonii,XC194323.mp3,8.1337,11.8576,806.707,11025.0,13.1316,37239.0,12740.0
Gampsonyx_swainsonii,XC236737.mp3,0.6105,1.3287,1613.415,5512.5,8.4752,7182.0,71465.0
Gampsonyx_swainsonii,XC257346.mp3,6.3477,10.5279,5646.951,11025.0,13.5856,41802.0,30577.0
Gampsonyx_swainsonii,XC261517.mp3,2.8553,5.1872,2151.22,9680.488,8.6612,23319.0,34740.0
Geothlypis_aequinoctialis,XC223384.mp3,1.9251,3.8817,2285.671,11293.902,10.0671,19566.0,61854.0
Geothlypis_aequinoctialis,XC127202.mp3,1.9748,2.2461,1210.061,20705.488,5.0047,2713.0,27586.0
Geothlypis_aequinoctialis,XC1085498.mp3,0.8925,3.0661,1478.963,14117.378,11.0842,21736.0,80181.0
Geothlypis_aequinoctialis,XC1064770.mp3,2.732,5.5235,1478.963,8335.976,9.1761,27915.0,36526.0
Geothlypis_aequinoctialis,XC1049824.mp3,1.0267,6.1379,2536.585,5317.073,12.4991,51112.0,63612.0
Geotrygon_montana,XC100149.mp3,1.3584,2.264,1024.39,8048.78,3.1194,9056.0,8554.0
Geotrygon_montana,XC1010330.mp3,3.445,3.9179,1882.317,6857.012,6.2652,4729.0,23473.0
Geotrygon_montana,XC1059073.mp3,2.8867,3.6131,3073.171,13024.39,5.0285,7264.0,14154.0
Geotrygon_montana,XC1059424.mp3,2.5253,4.2775,3658.537,10243.902,5.4886,17522.0,12111.0
Geotrygon_montana,XC1086400.mp3,1.6881,2.7217,882.0,7529.268,5.9257,10336.0,32040.0
Geranoaetus_albicaudatus,XC1018671.mp3,2.2291,3.839,1170.732,7317.073,10.8978,16099.0,70588.0
Geranoaetus_albicaudatus,XC1033802.mp3,0.1191,0.4368,1344.512,7394.817,1.3701,3177.0,9333.0
Geranoaetus_albicaudatus,XC1059975.mp3,0.7275,1.3095,439.024,9512.195,1.3095,5820.0,0.0
Geranoaetus_albicaudatus,XC109214.mp3,9.1416,10.0558,806.707,8201.524,30.0941,9142.0,200383.0
Geranoaetus_albicaudatus,XC12225.mp3,0.8641,1.4042,806.707,6184.756,2.8083,5401.0,14041.0
Geranoaetus_melanoleucus,XC175146.mp3,10.2178,18.2742,1478.963,13445.122,44.4083,80564.0,261341.0
Geranoaetus_melanoleucus,XC15326.mp3,0.4158,0.9703,537.805,14655.183,1.5248,5545.0,5545.0
Geranoaetus_melanoleucus,XC14416.mp3,1.5689,1.9073,1853.659,6243.902,5.2605,3384.0,33532.0
Geranoaetus_melanoleucus,XC124814.mp3,0.5123,1.8903,1344.512,11293.902,9.9286,13780.0,80383.0
Geranoaetus_melanoleucus,XC144770.mp3,2.0861,3.1745,941.159,9008.232,24.0352,10884.0,208607.0
Geranospiza_caerulescens,XC1035882.mp3,0.5768,2.0188,2823.476,18285.366,23.491,14420.0,214722.0
Geranospiza_caerulescens,XC1049230.mp3,1.3949,2.1833,585.366,13463.415,2.5168,7884.0,3335.0
Geranospiza_caerulescens,XC1083162.mp3,1.8936,2.4762,1747.866,9277.134,8.3391,5826.0,58629.0
Geranospiza_caerulescens,XC111464.mp3,0.6159,1.3615,731.707,8487.805,6.386,7456.0,50245.0
Geranospiza_caerulescens,XC116585.mp3,1.5591,2.1857,1210.061,11293.902,6.4405,6266.0,42548.0
Glaucidium_brasilianum,XC10430.mp3,3.5687,5.9478,672.256,15865.244,21.4729,23791.0,155251.0
Glaucidium_brasilianum,XC1034537.mp3,1.8001,7.2164,537.805,11966.159,11.7246,54163.0,45082.0
Glaucidium_brasilianum,XC103232.mp3,2.0245,8.1843,731.707,8634.146,11.3288,61598.0,31445.0
Glaucidium_brasilianum,XC1017644.mp3,0.8222,4.8532,1075.61,11025.0,7.9016,40310.0,30484.0
Glaucidium_brasilianum,XC1011092.mp3,2.3588,5.137,1344.512,13445.122,6.395,27782.0,12580.0
Glaucidium_hardyi,XC10043.mp3,6.0453,7.8532,806.707,9008.232,13.5595,18079.0,57063.0
Glaucidium_hardyi,XC1008632.mp3,5.2823,7.9704,537.805,6991.463,12.5963,26881.0,46259.0
Glaucidium_hardyi,XC1056460.mp3,12.9034,14.4834,941.159,8335.976,21.6373,15800.0,71539.0
Glaucidium_hardyi,XC119117.mp3,2.2168,3.7516,537.805,11831.707,13.0685,15348.0,93169.0
Glaucidium_hardyi,XC121133.mp3,0.9753,3.0107,806.707,14924.085,10.05,20354.0,70393.0
Glaucis_hirsutus,XC245010.mp3,8.1091,10.5915,1210.061,19226.524,28.382,24824.0,177905.0
Glaucis_hirsutus,XC223549.mp3,2.6156,2.7489,5646.951,15999.695,2.7989,1333.0,500.0
Glaucis_hirsutus,XC223550.mp3,5.609,6.2701,2420.122,14520.732,9.1147,6611.0,28446.0
Glaucis_hirsutus,XC128470.mp3,6.759,6.8981,2341.463,10390.244,6.9398,1391.0,417.0
Glaucis_hirsutus,XC16811.mp3,0.6737,0.7763,3764.634,14924.085,0.8056,1026.0,293.0
Glyphorynchus_spirurus,XC1026470.mp3,0.9711,2.3198,2285.671,10352.744,8.9556,13487.0,66358.0
Glyphorynchus_spirurus,XC1033903.mp3,0.9243,1.8243,1317.073,8048.78,5.5944,9000.0,37701.0
Glyphorynchus_spirurus,XC10365.mp3,5.0797,5.3006,1613.415,15192.988,5.5214,2209.0,2208.0
Glyphorynchus_spirurus,XC1048186.mp3,17.1342,17.7369,2285.671,14789.634,17.9091,6027.0,1722.0
Glyphorynchus_spirurus,XC1048187.mp3,9.3812,9.5255,2554.573,12503.963,9.6121,1443.0,866.0
Gnorimopsar_chopi,XC108139.mp3,1.5251,2.3706,1568.551,4627.317,7.429,8455.0,50584.0
Gnorimopsar_chopi,XC123596.mp3,0.6084,0.82,1902.439,5707.317,2.169,2116.0,13490.0
Gnorimopsar_chopi,XC100820.mp3,0.7239,1.1497,806.707,14520.732,2.5549,4258.0,14052.0
Gnorimopsar_chopi,XC1058307.mp3,2.3647,2.6947,1317.073,14487.805,11.4754,3300.0,87807.0
Gnorimopsar_chopi,XC119032.mp3,3.637,4.8493,1075.61,8067.073,11.0738,12123.0,62245.0
Griseotyrannus_aurantioatrocristatus,XC272793.mp3,0.854,1.2811,4436.89,17882.012,2.3791,4271.0,10980.0
Griseotyrannus_aurantioatrocristatus,XC272792.mp3,2.7443,2.98,3764.634,12503.963,3.3672,2357.0,3872.0
Griseotyrannus_aurantioatrocristatus,XC272786.mp3,2.1824,2.3142,3764.634,16403.049,2.4753,1318.0,1611.0
Griseotyrannus_aurantioatrocristatus,XC145416.mp3,1.7685,2.0632,2554.573,11966.159,26.7482,2947.0,246850.0
Griseotyrannus_aurantioatrocristatus,XC269888.mp3,2.3529,2.6369,3899.085,19495.427,4.4016,2840.0,17647.0
Gubernetes_yetapa,XC108635.mp3,5.6537,6.1858,2285.671,9814.939,6.5849,5321.0,3991.0
Gubernetes_yetapa,XC115292.mp3,12.7453,13.1477,4571.341,9411.585,19.2297,4024.0,60820.0
Gubernetes_yetapa,XC123238.mp3,1.6831,3.0506,806.707,15058.537,5.6279,13675.0,25773.0
Gubernetes_yetapa,XC130927.mp3,2.0728,3.8911,941.159,8067.073,24.0737,18183.0,201826.0
Gubernetes_yetapa,XC131978.mp3,0.0346,0.5533,1075.61,9949.39,0.6916,5187.0,1383.0
Guira_guira,XC114979.mp3,0.185,1.6383,1075.61,18554.268,5.2056,14533.0,35673.0
Guira_guira,XC109891.mp3,3.8884,4.7242,941.159,18419.817,7.159,8358.0,24348.0
Guira_guira,XC1080162.mp3,21.1263,23.3856,2420.122,12907.317,30.0049,22593.0,66193.0
Guira_guira,XC106799.mp3,0.9483,1.5488,1344.512,16134.146,2.2916,6005.0,7428.0
Guira_guira,XC1051805.mp3,16.5435,18.7345,806.707,7125.915,21.4653,21910.0,27308.0
Guyramemua_affine,XC115529.mp3,3.8231,8.9527,585.366,22829.268,23.8094,51296.0,148567.0
Guyramemua_affine,XC115530.mp3,2.6077,4.4704,9365.854,22243.902,23.0504,18627.0,185800.0
Guyramemua_affine,XC230141.mp3,1.9544,2.3097,2420.122,14386.28,2.4874,3553.0,1777.0
Guyramemua_affine,XC427985.mp3,1.0954,1.5382,2195.122,12878.049,5.1973,4428.0,36591.0
Guyramemua_affine,XC659500.mp3,13.5732,13.9264,403.354,7260.366,14.2292,3532.0,3028.0
Gymnoderus_foetidus,XC106284.mp3,0.5979,0.8471,1478.963,5781.402,1.6145,2492.0,7674.0
Harpagus_bidentatus,XC129956.mp3,7.8479,10.0368,1170.732,5707.317,36.4635,21889.0,264267.0
Harpagus_bidentatus,XC12628.mp3,1.8756,2.7985,1882.317,10756.098,12.2659,9229.0,94674.0
Harpagus_bidentatus,XC151968.mp3,1.8831,3.1744,2926.829,7756.098,6.1874,12913.0,30130.0
Harpagus_bidentatus,XC1031765.mp3,0.3177,0.9689,2245.614,11508.772,1.8902,6512.0,9213.0
Harpagus_bidentatus,XC125927.mp3,2.4063,3.5593,1747.866,11966.159,13.2095,11530.0,96502.0
Harpia_harpyja,XC220756.mp3,0.2759,1.0389,2151.22,10890.549,1.9966,7630.0,9577.0
Harpia_harpyja,XC194725.mp3,0.2481,0.7736,2016.768,11293.902,1.664,5255.0,8904.0
Harpia_harpyja,XC167632.mp3,0.5067,2.3648,1747.866,9680.488,3.2516,18581.0,8868.0
Harpia_harpyja,XC15094.mp3,0.4628,1.0799,1853.659,13268.293,2.7189,6171.0,16390.0
Harpia_harpyja,XC223872.mp3,0.9746,1.7772,2016.768,10083.841,2.3791,8026.0,6019.0
Heliactin_bilophus,XC413852.mp3,4.5471,4.8719,2823.476,13848.476,5.9546,3248.0,10827.0
Heliactin_bilophus,XC413851.mp3,3.6929,3.9739,3495.732,9008.232,5.0175,2810.0,10436.0
Heliactin_bilophus,XC172596.mp3,1.4761,1.9682,7663.72,12772.866,11.2036,4921.0,92354.0
Heliactin_bilophus,XC1018280.mp3,0.3369,0.7861,3365.854,10390.244,1.4225,4492.0,6364.0
Heliactin_bilophus,XC1067327.mp3,1.3426,1.4482,2016.768,11159.451,3.8014,1056.0,23532.0
Helicolestes_hamatus,XC106286.mp3,1.7883,2.7766,1478.963,10218.293,6.4002,9883.0,36236.0
Helicolestes_hamatus,XC12065.mp3,1.3036,1.4666,537.805,7125.915,1.6062,1630.0,1396.0
Helicolestes_hamatus,XC121233.mp3,2.3234,3.4704,4390.244,14634.146,8.4555,11470.0,49851.0
Helicolestes_hamatus,XC179839.mp3,0.705,1.0728,2016.768,7529.268,1.3487,3678.0,2759.0
Helicolestes_hamatus,XC179840.mp3,1.9484,3.4235,1210.061,9277.134,8.4893,14751.0,50658.0
Heliomaster_furcifer,XC313510.mp3,0.5935,0.7975,4033.537,14251.829,3.895,2040.0,30975.0
Heliomaster_furcifer,XC725855.mp3,2.0727,2.3074,4705.793,13579.573,3.3633,2347.0,10559.0
Heliomaster_furcifer,XC722935.mp3,0.7346,0.9865,3092.378,13579.573,3.5471,2519.0,25606.0
Heliomaster_furcifer,XC223906.mp3,1.2106,1.3733,3630.183,12503.963,3.5777,1627.0,22044.0
Heliomaster_furcifer,XC48793.mp3,2.1245,2.3016,4033.537,8470.427,3.7179,1771.0,14163.0
Heliomaster_longirostris,XC469149.mp3,0.8708,1.2667,3073.171,11707.317,2.2167,3959.0,9500.0
Heliomaster_longirostris,XC260534.mp3,1.0433,1.263,1210.061,13445.122,1.867,2197.0,6040.0
Heliomaster_longirostris,XC118965.mp3,0.5937,1.0177,3764.634,10890.549,5.2582,4240.0,42405.0
Heliomaster_longirostris,XC197771.mp3,1.1932,1.5385,3365.854,12878.049,2.5747,3453.0,10362.0
Heliomaster_longirostris,XC427439.mp3,0.2236,0.3354,2341.463,16097.561,1.0436,1118.0,7082.0
Heliornis_fulica,XC257474.mp3,8.02,8.4194,941.159,7260.366,9.9865,3994.0,15671.0
Heliornis_fulica,XC2327.mp3,0.5142,0.9377,1747.866,7798.171,2.0872,4235.0,11495.0
Heliornis_fulica,XC20168.mp3,0.8995,1.1732,2554.573,7260.366,1.5057,2737.0,3325.0
Heliornis_fulica,XC151940.mp3,8.7221,9.0479,292.683,6731.707,9.6369,3258.0,5890.0
Heliornis_fulica,XC118483.mp3,6.9061,7.2879,672.256,21243.293,7.5308,3818.0,2429.0
Hemithraupis_guira,XC1023132.mp3,0.166,1.5269,134.451,9360.849,24.0325,13609.0,225056.0
Hemithraupis_guira,XC1023134.mp3,1.2891,1.6453,941.159,8201.524,1.9845,3562.0,3392.0
Hemithraupis_guira,XC1027171.mp3,25.453,26.1012,292.683,9219.512,26.4469,6482.0,3457.0
Hemithraupis_guira,XC1032294.mp3,1.9637,2.3599,1170.732,21219.512,5.0298,3962.0,26699.0
Hemithraupis_guira,XC1035064.mp3,1.0078,1.3294,1478.963,8470.427,1.7368,3216.0,4074.0
Hemitriccus_margaritaceiventer,XC107266.mp3,2.4316,2.82,1747.866,6050.305,7.7678,3884.0,49478.0
Hemitriccus_margaritaceiventer,XC1069280.mp3,2.7766,3.0901,0.0,11293.902,8.5986,3135.0,55085.0
Hemitriccus_margaritaceiventer,XC103085.mp3,1.6743,2.2323,1210.061,7260.366,7.7117,5580.0,54794.0
Hemitriccus_margaritaceiventer,XC1019085.mp3,1.6395,2.4727,1210.061,3630.183,5.4024,8332.0,29297.0
Hemitriccus_margaritaceiventer,XC1015228.mp3,0.9561,1.4819,1949.543,14453.506,7.4095,5258.0,59276.0
Hemitriccus_striaticollis,XC119611.mp3,0.7523,1.0724,537.805,7798.171,8.7391,3201.0,76667.0
Hemitriccus_striaticollis,XC120037.mp3,2.0966,2.6457,1463.415,8487.805,7.6376,5491.0,49919.0
Hemitriccus_striaticollis,XC121262.mp3,0.6604,0.9905,1075.61,8335.976,9.2037,3301.0,82132.0
Hemitriccus_striaticollis,XC127628.mp3,2.7787,3.378,1882.317,8201.524,9.8072,5993.0,64292.0
Hemitriccus_striaticollis,XC127629.mp3,0.9618,1.6489,1613.415,7932.622,6.6505,6871.0,50016.0
Herpetotheres_cachinnans,XC103024.mp3,0.0963,0.6499,1024.39,5707.317,1.7811,5536.0,11312.0
Herpetotheres_cachinnans,XC102827.mp3,0.4461,0.9481,941.159,11966.159,1.0596,5020.0,1115.0
Herpetotheres_cachinnans,XC1041391.mp3,0.2639,0.7036,146.341,9073.171,1.4952,4397.0,7916.0
Herpetotheres_cachinnans,XC1012268.mp3,2.7397,3.4975,97.561,4000.0,4.2553,7578.0,7578.0
Herpetotheres_cachinnans,XC1018719.mp3,0.308,1.3346,0.0,5560.976,2.6007,10266.0,12661.0
Herpsilochmus_atricapillus,XC10676.mp3,1.3733,3.1821,268.902,6722.561,14.3028,18088.0,111207.0
Herpsilochmus_atricapillus,XC1065468.mp3,1.2968,2.0064,1463.415,8195.122,7.4138,7096.0,54074.0
Herpsilochmus_atricapillus,XC1064445.mp3,0.0871,0.9874,1024.39,7024.39,1.6408,9003.0,6534.0
Herpsilochmus_atricapillus,XC1037376.mp3,2.0356,4.0045,672.256,5109.146,11.0458,19689.0,70413.0
Herpsilochmus_atricapillus,XC1049830.mp3,0.2725,1.9397,1210.061,4033.537,13.8186,16672.0,118789.0
Herpsilochmus_longirostris,XC163597.mp3,1.2607,3.4568,4033.537,7125.915,11.1432,21961.0,76864.0
Herpsilochmus_longirostris,XC15439.mp3,0.5107,2.5534,1478.963,7260.366,16.9373,20427.0,143839.0
Herpsilochmus_longirostris,XC124596.mp3,2.4783,4.3689,585.366,4390.244,14.6907,18906.0,103218.0
Herpsilochmus_longirostris,XC1086408.mp3,1.4498,3.7647,537.805,6453.659,16.0411,23149.0,122764.0
Herpsilochmus_longirostris,XC11926.mp3,2.8756,5.7095,941.159,8470.427,6.2096,28339.0,5001.0
Himantopus_melanurus,XC104093.mp3,1.0371,1.1641,1747.866,11831.707,1.4815,1270.0,3174.0
Himantopus_melanurus,XC123242.mp3,1.1244,1.3578,268.902,8067.073,1.7502,2334.0,3924.0
Himantopus_melanurus,XC127678.mp3,0.2156,0.308,672.256,11428.354,0.9703,924.0,6623.0
Himantopus_melanurus,XC147547.mp3,0.57,0.75,1075.61,15461.89,2.2199,1800.0,14699.0
Himantopus_melanurus,XC115034.mp3,1.4605,1.7361,806.707,7529.268,2.425,2756.0,6889.0
Himantopus_mexicanus,XC139715.mp3,0.1145,0.2127,1613.415,8470.427,0.4253,982.0,2126.0
Himantopus_mexicanus,XC105491.mp3,6.4522,6.7537,0.0,15951.22,7.025,3015.0,2713.0
Himantopus_mexicanus,XC105630.mp3,0.6064,1.0612,1075.61,7260.366,3.6384,4548.0,25772.0
Himantopus_mexicanus,XC133081.mp3,0.4131,0.5436,1344.512,8067.073,1.4133,1305.0,8697.0
Himantopus_mexicanus,XC13598.mp3,0.9857,1.1345,941.159,10890.549,1.5436,1488.0,4091.0
Hirundinea_ferruginea,XC115295.mp3,0.7576,1.1954,1613.415,15999.695,2.3065,4378.0,11111.0
Hirundinea_ferruginea,XC118493.mp3,3.471,3.8567,1075.61,16403.049,7.7597,3857.0,39030.0
Hirundinea_ferruginea,XC119792.mp3,0.9486,1.5282,806.707,17075.305,10.6713,5796.0,91431.0
Hirundinea_ferruginea,XC119793.mp3,4.2429,5.0572,672.256,12638.415,8.5716,8143.0,35144.0
Hirundinea_ferruginea,XC127169.mp3,0.488,1.4031,1075.61,6453.659,4.8345,9151.0,34314.0
Hirundo_rustica,XC1002700.mp3,4.4483,4.784,1682.927,16756.098,4.9183,3357.0,1343.0
Hirundo_rustica,XC1001660.mp3,1.3668,2.5573,941.159,6184.756,2.91,11905.0,3527.0
Hirundo_rustica,XC1000517.mp3,17.3681,17.9232,731.707,16243.902,19.5887,5551.0,16655.0
Hirundo_rustica,XC1000505.mp3,3.9894,4.6964,1902.439,12000.0,7.7768,7070.0,30804.0
Hirundo_rustica,XC1000507.mp3,1.4077,1.9355,1902.439,10536.585,5.2787,5278.0,33432.0
Hydropsalis_maculicaudus,XC187198.mp3,7.7187,8.2793,1609.756,15365.854,13.4107,5606.0,51314.0
Hydropsalis_maculicaudus,XC1072162.mp3,37.6924,38.3216,1747.866,13982.927,43.0117,6292.0,46901.0
Hydropsalis_maculicaudus,XC119874.mp3,0.5768,1.1947,1075.61,15865.244,6.5915,6179.0,53968.0
Hydropsalis_maculicaudus,XC13333.mp3,0.8617,1.1848,2285.671,19360.976,5.504,3231.0,43192.0
Hydropsalis_maculicaudus,XC148192.mp3,0.9116,1.4951,1882.317,11428.354,4.4124,5835.0,29173.0
Hydropsalis_torquata,XC149109.mp3,22.2541,22.5933,1747.866,13176.22,23.4075,3392.0,8142.0
Hydropsalis_torquata,XC119876.mp3,0.312,0.5389,4974.695,21915.549,2.0421,2269.0,15032.0
Hydropsalis_torquata,XC117090.mp3,0.5142,0.8228,878.049,16682.927,1.3884,3086.0,5656.0
Hydropsalis_torquata,XC1039418.mp3,10.6289,11.1867,3219.512,23121.951,13.9756,5578.0,27889.0
Hydropsalis_torquata,XC1053672.mp3,3.6846,4.0742,1024.39,9219.512,8.3757,3896.0,43015.0
Hylocharis_chrysura,XC1008478.mp3,1.0372,1.2225,2957.927,14520.732,3.3155,1853.0,20930.0
Hylocharis_chrysura,XC1048328.mp3,3.8035,4.2486,5341.463,19829.268,4.3699,4451.0,1213.0
Hylocharis_chrysura,XC1062260.mp3,4.5759,5.0909,5707.317,20195.122,10.7563,5150.0,56654.0
Hylocharis_chrysura,XC108144.mp3,23.1763,24.7932,6189.474,12894.737,26.4102,16169.0,16170.0
Hylocharis_chrysura,XC147030.mp3,2.3917,3.3908,6857.012,11159.451,3.8752,9991.0,4844.0
Hylocharis_sapphirina,XC15663.mp3,0.5013,1.4413,0.0,22050.0,3.5405,9400.0,20992.0
Hylocharis_sapphirina,XC294913.mp3,2.0786,2.9645,3226.829,12907.317,5.7927,8859.0,28282.0
Hylocharis_sapphirina,XC15486.mp3,0.5264,1.2282,2285.671,14386.28,1.9739,7018.0,7457.0
Hylocharis_sapphirina,XC147153.mp3,1.7532,2.647,3226.829,12369.512,5.9644,8938.0,33174.0
Hylocharis_sapphirina,XC123241.mp3,1.5333,2.9314,3899.085,19629.878,6.6745,13981.0,37431.0
Hylophilus_amaurocephalus,XC103922.mp3,4.1749,4.8172,1344.512,18150.915,4.9089,6423.0,917.0
Hylophilus_amaurocephalus,XC103923.mp3,0.5144,0.9369,1882.317,8201.524,1.0472,4225.0,1103.0
Hylophilus_amaurocephalus,XC1089145.mp3,1.2025,1.9357,2341.463,10097.561,2.0823,7332.0,1466.0
Hylophilus_amaurocephalus,XC114973.mp3,0.2187,0.6561,1747.866,11428.354,0.7873,4374.0,1312.0
Hylophilus_amaurocephalus,XC115613.mp3,1.5309,1.849,1344.512,10621.646,1.8887,3181.0,397.0
Hylophilus_pectoralis,XC115713.mp3,0.896,3.0864,1317.073,14926.829,4.6296,21904.0,15432.0
Hylophilus_pectoralis,XC11047.mp3,1.5462,2.4482,1613.415,7125.915,6.8033,9020.0,43551.0
Hylophilus_pectoralis,XC118668.mp3,0.6962,2.1069,1210.061,8067.073,4.2871,14107.0,21802.0
Hylophilus_pectoralis,XC1078893.mp3,3.9199,4.819,1882.317,6722.561,9.602,8991.0,47830.0
Hylophilus_pectoralis,XC1080128.mp3,0.842,1.7284,1344.512,8604.878,3.3386,8864.0,16102.0
Hymenops_perspicillatus,XC46688.mp3,3.437,4.0701,1613.415,15596.341,12.3912,6331.0,83211.0
Hymenops_perspicillatus,XC396617.mp3,20.236,22.2873,1747.866,10487.195,26.778,20513.0,44907.0
Hymenops_perspicillatus,XC46689.mp3,10.8134,11.1101,537.805,15596.341,12.0497,2967.0,9396.0
Hymenops_perspicillatus,XC115725.mp3,3.3469,3.4994,1609.756,21658.537,4.0947,1525.0,5953.0
Hymenops_perspicillatus,XC115726.mp3,1.7704,1.8846,585.366,14634.146,2.5528,1142.0,6682.0
Hypocnemoides_maculicauda,XC100503.mp3,2.7006,6.8286,1344.512,8739.329,18.4797,41280.0,116511.0
Hypocnemoides_maculicauda,XC118335.mp3,10.6166,14.2114,2151.22,9411.585,29.162,35948.0,149506.0
Hypocnemoides_maculicauda,XC118861.mp3,10.07,14.4866,672.256,15596.341,17.49,44166.0,30034.0
Hypocnemoides_maculicauda,XC139994.mp3,1.2356,4.6496,806.707,8873.78,6.6655,34140.0,20159.0
Hypocnemoides_maculicauda,XC144513.mp3,0.2168,3.379,1613.415,17209.756,6.3062,31622.0,29272.0
Icterus_croconotus,XC224586.mp3,2.3016,2.8327,806.707,13310.671,4.3907,5311.0,15580.0
Icterus_croconotus,XC178365.mp3,1.4379,1.9065,806.707,18285.366,3.0859,4686.0,11794.0
Icterus_croconotus,XC202247.mp3,2.2699,2.7659,585.366,9073.171,4.5208,4960.0,17549.0
Icterus_croconotus,XC1060862.mp3,4.7711,5.1687,1170.732,6439.024,5.4669,3976.0,2982.0
Icterus_croconotus,XC114112.mp3,2.001,2.3802,878.049,11268.293,16.2611,3792.0,138809.0
Icterus_pyrrhopterus,XC10115.mp3,5.8754,6.474,1613.415,11562.805,10.3762,5986.0,39022.0
Icterus_pyrrhopterus,XC1019651.mp3,0.451,1.0021,1747.866,14386.28,2.0543,5511.0,10522.0
Icterus_pyrrhopterus,XC10286.mp3,1.8031,2.1827,1075.61,13714.024,2.6889,3796.0,5062.0
Icterus_pyrrhopterus,XC103021.mp3,3.237,3.5252,1344.512,14789.634,4.268,2882.0,7428.0
Icterus_pyrrhopterus,XC119077.mp3,1.3556,1.6389,1747.866,9680.488,2.9136,2833.0,12747.0
Ictinia_mississippiensis,XC278993.mp3,7.2066,7.8584,2554.573,11025.0,12.5301,6518.0,46717.0
Ictinia_mississippiensis,XC101930.mp3,37.5695,38.409,3495.732,10621.646,49.6904,8395.0,112814.0
Ictinia_mississippiensis,XC141554.mp3,1.9207,2.5609,1478.963,12772.866,13.338,6402.0,107771.0
Ictinia_mississippiensis,XC257016.mp3,1.9458,2.6051,1210.061,6991.463,2.9428,6593.0,3377.0
Ictinia_mississippiensis,XC263112.mp3,1.7861,2.4976,2285.671,16134.146,12.2992,7115.0,98016.0
Ictinia_plumbea,XC154392.mp3,1.5814,2.8056,1747.866,12100.61,10.3554,12242.0,75498.0
Ictinia_plumbea,XC119424.mp3,0.6283,1.2897,806.707,16940.854,9.4906,6614.0,82009.0
Ictinia_plumbea,XC112346.mp3,1.7896,3.008,1210.061,11428.354,10.7375,12184.0,77295.0
Ictinia_plumbea,XC1062259.mp3,2.1183,2.9367,585.366,11414.634,10.2785,8184.0,73418.0
Ictinia_plumbea,XC106579.mp3,3.4957,4.4327,672.256,13848.476,17.2081,9370.0,127754.0
Inezia_inornata,XC1045256.mp3,1.5032,2.5053,941.159,21377.744,5.9216,10021.0,34163.0
Inezia_inornata,XC1074833.mp3,0.6794,1.9816,4243.902,15365.854,5.7749,13022.0,37933.0
Inezia_inornata,XC108147.mp3,3.2921,4.2991,2823.476,15596.341,10.5347,10070.0,62356.0
Inezia_inornata,XC144951.mp3,0.9353,2.1659,2151.22,12369.512,11.7401,12306.0,95742.0
Inezia_inornata,XC148931.mp3,2.319,3.3681,2151.22,16403.049,16.1778,10491.0,128097.0
Ixobrychus_exilis,XC1006714.mp3,1.1882,2.0348,1170.732,7463.415,8.0799,8466.0,60451.0
Ixobrychus_exilis,XC1011209.mp3,6.325,6.7921,268.902,14520.732,12.3983,4671.0,56062.0
Ixobrychus_exilis,XC105383.mp3,3.376,3.5831,1882.317,16268.598,3.6867,2071.0,1036.0
Ixobrychus_exilis,XC1082216.mp3,3.9392,4.5502,0.0,20571.037,9.4701,6110.0,49199.0
Ixobrychus_exilis,XC110364.mp3,0.6809,1.8635,6588.11,8335.976,2.634,11826.0,7705.0
Ixobrychus_involucris,XC22916.mp3,15.661,16.6316,731.707,18146.341,29.5574,9706.0,129258.0
Ixobrychus_involucris,XC174474.mp3,10.6195,11.498,975.61,9853.659,19.1977,8785.0,76997.0
Ixobrychus_involucris,XC17036.mp3,3.041,4.1201,268.902,5781.402,27.8597,10791.0,237396.0
Ixobrychus_involucris,XC1046919.mp3,1.2257,1.7226,537.805,14655.183,3.3459,4969.0,16233.0
Ixobrychus_involucris,XC1046920.mp3,0.8107,1.1968,1624.737,18336.316,2.548,3861.0,13512.0
Jabiru_mycteria,XC116360.mp3,0.9366,1.1596,1024.39,17268.293,3.7465,2230.0,25869.0
Jabiru_mycteria,XC15438.mp3,0.633,0.9495,537.805,14789.634,7.4375,3165.0,64880.0
Jabiru_mycteria,XC422224.mp3,0.4149,0.6638,134.451,19495.427,10.6205,2489.0,99567.0
Jabiru_mycteria,XC506287.mp3,0.4136,0.7184,1613.415,13310.671,4.419,3048.0,37006.0
Jabiru_mycteria,XC543513.mp3,1.5966,2.5388,878.049,17707.317,3.4549,9422.0,9161.0
Jacana_jacana,XC109002.mp3,6.54,7.4121,1075.61,12369.512,10.4156,8721.0,30035.0
Jacana_jacana,XC108148.mp3,6.1833,6.6348,403.354,16671.951,6.8115,4515.0,1767.0
Jacana_jacana,XC115718.mp3,8.7496,9.3867,585.366,22829.268,9.8964,6371.0,5097.0
Jacana_jacana,XC1039955.mp3,1.6711,1.8568,537.805,11025.0,1.9098,1857.0,530.0
Jacana_jacana,XC1039956.mp3,4.8011,5.0664,537.805,12369.512,5.4377,2653.0,3713.0
Knipolegus_hudsoni,XC396987.mp3,1.3746,2.4742,1170.732,9365.854,15.4501,10996.0,129759.0
Knipolegus_hudsoni,XC21069.mp3,1.2607,1.3169,1613.415,11562.805,1.5821,562.0,2652.0
Knipolegus_hudsoni,XC995066.mp3,1.017,1.7183,878.049,10097.561,2.9457,7013.0,12274.0
Knipolegus_hudsoni,XC207292.mp3,0.4312,0.6024,907.12,12772.866,1.6018,1712.0,9994.0
Knipolegus_hudsoni,XC973888.mp3,2.8561,3.8583,1317.073,15219.512,16.6357,10022.0,127774.0
Knipolegus_lophotes,XC1032395.mp3,4.295,7.0349,941.159,11025.0,44.8282,27399.0,377933.0
Knipolegus_lophotes,XC115296.mp3,0.2491,0.4186,1075.61,11293.902,1.0564,1695.0,6378.0
Knipolegus_lophotes,XC299154.mp3,0.8097,1.6432,1463.415,10243.902,12.9315,8335.0,112883.0
Knipolegus_lophotes,XC43940.mp3,0.7823,1.209,2554.573,14924.085,1.6713,4267.0,4623.0
Knipolegus_lophotes,XC46693.mp3,4.6623,4.9784,2151.22,13176.22,7.6809,3161.0,27025.0
Knipolegus_striaticeps,XC971103.mp3,5.5905,5.9463,2634.146,19463.415,12.5533,3558.0,66070.0
Knipolegus_striaticeps,XC580351.mp3,5.8449,6.3532,470.579,16739.177,8.4093,5083.0,20561.0
Knipolegus_striaticeps,XC145430.mp3,0.7993,1.6985,2151.22,13848.476,2.5976,8992.0,8991.0
Knipolegus_striaticeps,XC579582.mp3,6.4495,7.2491,1210.061,16537.5,8.2618,7996.0,10127.0
Knipolegus_striaticeps,XC15398.mp3,0.3473,0.6656,1747.866,16806.402,4.2543,3183.0,35887.0
Laterallus_exilis,XC1007457.mp3,0.9517,1.7447,1317.073,10829.268,4.235,7930.0,24903.0
Laterallus_exilis,XC100981.mp3,5.6624,7.4743,2151.22,9680.488,9.085,18119.0,16107.0
Laterallus_exilis,XC102733.mp3,22.5739,23.6451,0.0,17560.976,23.7963,10712.0,1512.0
Laterallus_exilis,XC1069163.mp3,0.7667,2.0348,585.366,7024.39,21.439,12681.0,194042.0
Laterallus_exilis,XC118672.mp3,1.5039,2.9076,1344.512,9008.232,9.6251,14037.0,67175.0
Laterallus_flaviventer,XC548231.mp3,16.7574,17.8874,2184.832,4235.213,18.0597,11300.0,1723.0
Laterallus_flaviventer,XC548230.mp3,4.8021,5.0736,1932.736,4319.245,5.3974,2715.0,3238.0
Laterallus_flaviventer,XC386297.mp3,0.2192,0.7014,1075.61,10890.549,1.6221,4822.0,9207.0
Laterallus_flaviventer,XC119786.mp3,5.4198,5.9956,1075.61,10621.646,10.0266,5758.0,40310.0
Laterallus_flaviventer,XC548228.mp3,10.0197,10.5157,2957.927,15596.341,29.1775,4960.0,186618.0
Laterallus_melanophaius,XC100835.mp3,2.4797,5.1862,2016.768,16940.854,5.2349,27065.0,487.0
Laterallus_melanophaius,XC1018776.mp3,19.437,27.0925,0.0,19170.732,35.8416,76555.0,87491.0
Laterallus_melanophaius,XC1026130.mp3,1.9711,11.4023,403.354,8201.524,16.6182,94312.0,52159.0
Laterallus_melanophaius,XC1062253.mp3,1.6285,2.5984,1024.39,8926.829,5.0503,9699.0,24519.0
Laterallus_melanophaius,XC1069166.mp3,1.8053,8.9093,731.707,10975.61,8.968,71040.0,587.0
Laterallus_xenopterus,XC287628.mp3,8.0724,9.6409,1264.013,13041.768,9.7664,15685.0,1255.0
Laterallus_xenopterus,XC237225.mp3,0.1799,3.058,1902.439,13317.073,7.3393,28781.0,42813.0
Laterallus_xenopterus,XC15484.mp3,0.0,1.2959,0.0,11562.805,6.0627,12959.0,47668.0
Laterallus_xenopterus,XC15482.mp3,0.0727,1.0906,1075.61,9277.134,4.8712,10179.0,37806.0
Laterallus_xenopterus,XC15485.mp3,0.119,1.1304,2420.122,12369.512,7.035,10114.0,59046.0
Lathrotriccus_euleri,XC1003102.mp3,9.478,9.9493,1478.963,13176.22,11.9915,4713.0,20422.0
Lathrotriccus_euleri,XC1008476.mp3,0.6264,0.9397,1210.061,7125.915,1.1186,3133.0,1789.0
Lathrotriccus_euleri,XC1011963.mp3,2.6597,3.3423,1829.268,9439.024,11.0626,6826.0,77203.0
Lathrotriccus_euleri,XC1019654.mp3,4.5102,4.8894,1613.415,7394.817,7.4239,3792.0,25345.0
Lathrotriccus_euleri,XC1019655.mp3,2.4924,2.8158,1882.317,7529.268,5.5555,3234.0,27397.0
Legatus_leucophaius,XC1015864Table.mp3,13.3015,13.7457,2243.902,12000.0,14.5354,4442.0,7897.0
Legatus_leucophaius,XC1017616.mp3,31.6818,32.252,3842.045,14365.909,32.537,5702.0,2850.0
Legatus_leucophaius,XC1034586.mp3,12.0493,12.518,1747.866,9142.683,13.7679,4687.0,12499.0
Legatus_leucophaius,XC1034722.mp3,46.0506,46.7825,2420.122,12503.963,48.0773,7319.0,12948.0
Legatus_leucophaius,XC1039641.mp3,0.2149,0.8165,1317.073,7902.439,3.9538,6016.0,31373.0
Leistes_superciliaris,XC1008369.mp3,9.9496,10.0236,2784.53,7160.221,10.0626,0.074,0.039
Leistes_superciliaris,XC108157.mp3,3.0385,3.1303,1722.84,9131.053,3.9637,0.0919,0.8334
Leistes_superciliaris,XC103912.mp3,2.3334,2.4573,6374.509,7063.645,2.7009,0.124,0.2435
Leistes_superciliaris,XC1041254.mp3,6.2906,6.3629,2386.74,15381.215,9.2131,0.0723,2.8502
Leistes_superciliaris,XC1070604.mp3,2.2066,2.2621,3933.702,6320.442,2.3053,0.0555,0.0431
Lepidocolaptes_angustirostris,XC10292.mp3,4.883,5.3488,1035.497,6822.099,7.8957,0.4658,2.5468
Lepidocolaptes_angustirostris,XC1080141.mp3,3.8336,4.282,1249.059,4953.166,6.4924,0.4483,2.2105
Lepidocolaptes_angustirostris,XC113867.mp3,4.3416,4.5175,2466.92,2984.669,4.5751,0.176,0.0575
Lepidocolaptes_angustirostris,XC119023.mp3,10.8366,10.9775,1852.053,5340.805,11.043,0.1409,0.0656
Lepidocolaptes_angustirostris,XC126668.mp3,2.0256,2.2805,1949.171,16933.425,2.3547,0.2549,0.0742
Lepidocolaptes_fuscicapillus,XC224916.mp3,23.2547,27.4255,968.049,13821.585,,4.1708,
Lepidocolaptes_fuscicapillus,XC224921.mp3,13.1063,18.1056,1583.702,5482.044,22.159,4.9993,4.0535
Lepidocolaptes_fuscicapillus,XC1044600.mp3,8.4329,11.3649,974.586,4629.282,15.4905,2.932,4.1256
Lepidocolaptes_fuscicapillus,XC1035055.mp4,7.253,10.3255,2070.994,5360.221,22.5146,3.0725,12.1891
Lepidocolaptes_fuscicapillus,XC189724.mp3,8.6461,15.563,1082.927,3424.39,21.1245,6.9169,5.5615
Leptodon_cayanensis,XC113476.mp3,2.189,3.0751,365.47,3898.343,3.492,0.886,0.417
Leptodon_cayanensis,XC113753.mp3,6.6597,14.8552,609.116,4385.635,,8.1955,
Leptodon_cayanensis,XC117415.mp3,42.9001,44.8112,486.397,4539.706,,1.9111,
Leptodon_cayanensis,XC119258.mp3,37.1893,38.5667,2179.32,3776.061,39.1078,1.3774,0.5411
Leptodon_cayanensis,XC151969.mp3,30.3212,38.982,843.84,2156.48,,8.6607,
Leptopogon_amaurocephalus,XC1011205.mp3,14.5791,16.6178,1090.385,15507.692,26.5809,2.0388,9.963
Leptopogon_amaurocephalus,XC1064258.mp3,5.3487,7.0492,2332.705,10964.634,7.1738,1.7006,0.1246
Leptopogon_amaurocephalus,XC1075020.mp3,3.0389,3.0742,653.545,15729.628,3.0813,0.0353,0.0071
Leptopogon_amaurocephalus,XC109372.mp3,10.0502,10.5213,2558.287,16446.133,10.7831,0.4711,0.2617
Leptopogon_amaurocephalus,XC1050587.mp3,6.7186,7.3109,1583.702,7187.569,8.3865,0.5924,1.0756
Leptotila_rufaxilla,XC1008354.mp3,5.5448,6.4965,187.52,750.08,10.7172,0.9517,4.2207
Leptotila_rufaxilla,XC10120.mp3,6.5869,7.9043,335.014,4172.445,11.3197,1.3174,3.4154
Leptotila_rufaxilla,XC1034504.mp3,5.3123,6.9819,243.199,830.928,10.0175,1.6696,3.0356
Leptotila_rufaxilla,XC1035255.mp3,6.8668,8.0833,311.959,1029.464,13.6524,1.2166,5.5691
Leptotila_rufaxilla,XC1035554.mp3,5.9766,6.8399,215.355,904.491,8.8985,0.8633,2.0586
Leptotila_verreauxi,XC1017281.mp3,10.551,12.1763,197.963,822.307,16.3296,1.6252,4.1533
Leptotila_verreauxi,XC100055.mp3,11.9872,12.9051,215.355,861.42,24.4334,0.9179,11.5282
Leptotila_verreauxi,XC1009805.mp3,11.866,13.4623,322.358,603.12,21.2843,1.5963,7.822
Leptotila_verreauxi,XC1011486.mp3,8.0731,8.9099,228.77,540.729,11.4204,0.8368,2.5105
Leptotila_verreauxi,XC1016441.mp3,15.0332,17.016,309.392,685.083,24.4064,1.9828,7.3904
Leucochloris_albicollis,XC1052986.mp3,3.4161,5.5141,4020.166,8162.155,6.3681,2.098,0.854
Leucochloris_albicollis,XC1040541.mp3,7.1189,9.6132,3522.936,10490.709,11.4954,2.4943,1.8821
Leucochloris_albicollis,XC1006411.mp3,18.4593,19.199,1628.693,9521.591,,0.7397,
Leucochloris_albicollis,XC1000954.mp3,0.8798,1.0481,1218.232,10111.326,1.0902,0.1683,0.0421
Leucochloris_albicollis,XC1000953.mp3,2.515,2.968,2131.906,7918.508,3.9678,0.453,0.9998
Leucophaeus_pipixcan,XC160426.mp3,2.5677,2.9728,861.878,5635.359,5.0461,0.4051,2.0732
Leucophaeus_pipixcan,XC1084967.mp3,2.3604,2.6043,1096.409,17298.895,2.7406,0.2439,0.1363
Leucophaeus_pipixcan,XC138322.mp3,2.0142,2.7911,891.728,4296.507,3.194,0.7769,0.4028
Leucophaeus_pipixcan,XC160385.mp3,2.1819,3.8123,762.431,4441.989,4.5796,1.6304,0.7673
Leucophaeus_pipixcan,XC160387.mp3,4.3409,5.1438,1060.773,5171.271,7.2516,0.8029,2.1077
Limosa_haemastica,XC1063386.mp3,1.863,2.072,1185.444,3431.548,2.1538,0.209,0.0818
Limosa_haemastica,XC1063380.mp3,0.9678,1.2878,805.97,3223.881,1.4021,0.32,0.1143
Limosa_haemastica,XC1063387.mp3,0.9428,1.3091,1235.294,4941.176,1.7025,0.3663,0.3934
Limosa_haemastica,XC1063376.mp3,0.995,1.2838,1463.279,5705.92,5.776,0.2889,4.4922
Limosa_haemastica,XC1063391.mp3,1.3681,1.5541,499.134,5240.909,1.5789,0.186,0.0248
Lophornis_gouldii,XC701524.mp3,1.3924,1.5374,2917.127,11403.315,,0.145,
Lophornis_gouldii,XC168727.mp3,6.2799,6.4403,3182.32,11668.508,7.2462,0.1604,0.8058
Lophornis_magnificus,XC20848.mp3,1.225,1.4394,3062.5,11025.0,,0.2144,
Lophornis_magnificus,XC255966.mp3,2.4844,2.6878,3314.917,8618.785,,0.2034,
Lophornis_magnificus,XC284990.mp3,2.8311,3.006,2618.438,6132.656,3.4491,0.1749,0.4431
Lophornis_magnificus,XC556393.mp3,1.8759,2.2267,1583.702,16811.602,2.8825,0.3508,0.6558
Lophornis_magnificus,XC70020.mp3,2.2288,2.4757,5238.398,8283.978,2.7579,0.2469,0.2822
Loriotus_luctuosus,XC108693.mp3,1.7905,1.9845,4751.105,11207.735,2.0727,0.194,0.0882
Loriotus_luctuosus,XC1085161.mp3,4.7547,5.0257,2077.174,5592.391,7.4882,0.2709,2.4626
Loriotus_luctuosus,XC108036.mp3,0.622,0.6967,715.216,10442.151,0.7271,0.0746,0.0304
Loriotus_luctuosus,XC1035616.mp3,4.1619,4.3529,5739.226,11769.475,4.4028,0.1911,0.0498
Loriotus_luctuosus,XC1055899.mp3,3.5132,3.9509,4375.691,16441.989,5.4662,0.4377,1.5153
Lurocalis_semitorquatus,XC1048931.mp3,2.8527,3.4918,751.705,2630.966,5.4559,0.6391,1.9641
Lurocalis_semitorquatus,XC1015391.mp3,8.6548,10.9439,711.111,2177.778,14.332,2.2891,3.388
Lurocalis_semitorquatus,XC1032112.mp3,8.079,8.2167,882.353,3919.773,8.3186,0.1376,0.102
Lurocalis_semitorquatus,XC1034577.mp3,1.7632,2.3682,852.762,2436.464,28.1128,0.605,25.7447
Lurocalis_semitorquatus,XC1035664.mp3,0.7258,1.0588,609.116,2375.552,1.4259,0.333,0.3672
Machaeropterus_pyrocephalus,XC1037347.mp3,6.3094,6.6466,2680.11,3593.785,11.2921,0.3371,4.6455
Machaeropterus_pyrocephalus,XC1035173.mp3,3.768,4.0637,3106.492,3593.785,7.4629,0.2957,3.3993
Machaeropterus_pyrocephalus,XC1045583.mp3,4.823,5.0713,2619.199,3898.343,8.4141,0.2483,3.3428
Machaeropterus_pyrocephalus,XC1019632.mp3,8.324,8.7198,2680.11,3959.254,9.3135,0.3958,0.5937
Machaeropterus_pyrocephalus,XC1019635.mp3,3.1702,3.4933,3045.58,3593.785,5.7346,0.3231,2.2413
Machetornis_rixosa,XC1046609.mp3,3.2857,4.8098,3977.901,7292.818,6.9475,1.5241,2.1377
Machetornis_rixosa,XC103914.mp3,0.6728,0.7245,4568.919,16487.838,0.8917,0.0518,0.1672
Machetornis_rixosa,XC103913.mp3,1.394,1.5958,4633.696,7030.435,1.6589,0.2018,0.0631
Machetornis_rixosa,XC100784.mp3,6.143,6.6096,5553.947,6880.263,6.8273,0.4666,0.2177
Machetornis_rixosa,XC116263.mp3,7.3186,8.8358,3580.11,20685.083,12.2058,1.5172,3.37
Manacus_manacus,XC1035088.mp3,5.3343,5.7446,861.42,5082.379,12.9892,0.4103,7.2446
Manacus_manacus,XC10216.mp3,0.6823,1.1987,1461.878,8771.271,4.3494,0.5163,3.1508
Manacus_manacus,XC1034672.mp3,8.7785,9.5387,1705.525,6822.099,18.0278,0.7602,8.4891
Manacus_manacus,XC1004618.mp3,8.1471,8.568,2107.721,5512.5,15.2666,0.4209,6.6986
Manacus_manacus,XC1015225.mp3,2.5131,2.7249,2751.477,12840.227,5.9158,0.2118,3.1908
Megaceryle_torquata,XC1006046.mp3,2.3556,2.6024,1157.32,7370.304,3.9858,0.2468,1.3835
Megaceryle_torquata,XC103910.mp3,0.7198,0.7823,458.58,6649.403,0.8038,0.0625,0.0215
Megaceryle_torquata,XC1059974.mp3,0.2347,0.2928,873.485,6863.095,0.3139,0.058,0.0211
Megaceryle_torquata,XC1063639.mp3,1.1737,1.2807,612.5,8234.722,1.2693,0.107,
Megaceryle_torquata,XC106898.mp3,0.5045,0.6621,917.159,5961.534,0.6779,0.1576,0.0158
Megarynchus_pitangua,XC1009442.mp3,5.6805,6.7895,2063.608,11923.068,16.9488,1.109,10.1593
Megarynchus_pitangua,XC1009426.mp3,3.7489,5.0031,687.869,10547.33,7.4569,1.2542,2.4538
Megarynchus_pitangua,XC100710.mp3,3.6175,4.8403,2240.187,5645.272,7.7211,1.2228,2.8808
Megarynchus_pitangua,XC1003302.mp3,3.3399,4.3105,1588.235,7588.235,5.6807,0.9706,1.3702
Megarynchus_pitangua,XC100172.mp3,2.513,3.4882,3167.403,8283.978,4.2758,0.9752,0.7877
Megascops_choliba,XC1006047.mp3,1.3737,1.4035,426.381,913.674,1.436,0.0298,0.0325
Megascops_choliba,XC1016874.mp3,0.945,0.9991,348.453,864.133,1.0243,0.0541,0.0252
Megascops_choliba,XC10240.mp3,11.5326,13.3278,1119.846,2455.047,19.7208,1.7953,6.393
Megascops_choliba,XC102616.mp3,1.159,1.1977,405.405,1540.541,1.2267,0.0387,0.029
Megascops_choliba,XC1026252.mp3,2.3334,2.3853,602.994,926.027,2.4089,0.0519,0.0236
Megascops_watsonii,XC1037355.mp3,23.4026,23.5366,456.837,883.218,23.7302,0.134,0.1936
Megascops_watsonii,XC1035581.mp3,4.8551,4.9937,527.62,710.672,5.0298,0.1386,0.0361
Megascops_watsonii,XC1035582.mp3,6.5534,6.6786,517.749,852.762,6.6918,0.1252,0.0132
Megascops_watsonii,XC102608.mp3,0.2506,0.3148,352.941,838.235,0.4176,0.0642,0.1028
Megascops_watsonii,XC1032523.mp3,1.0329,1.0759,421.92,867.28,1.1103,0.043,0.0344
Melanerpes_cactorum,XC111521.mp3,1.853,2.2368,750.08,12751.362,2.2898,0.3838,0.0529
Melanerpes_cactorum,XC283508.mp3,2.623,2.7546,947.562,9992.474,2.8957,0.1317,0.1411
Melanerpes_cactorum,XC461425.mp3,13.5392,13.7056,1461.878,7796.685,13.7235,0.1665,0.0178
Melanerpes_cactorum,XC48862.mp3,0.8577,0.9498,1378.272,11370.746,1.016,0.092,0.0663
Melanerpes_cactorum,XC506338.mp3,1.2774,1.3166,183.75,4532.5,1.3498,0.0393,0.0332
Melanerpes_candidus,XC123649.mp3,11.1908,12.0301,596.685,6497.238,14.3017,0.8393,2.2716
Melanerpes_candidus,XC11518.mp3,5.8256,6.4073,990.269,9374.551,8.8587,0.5817,2.4514
Melanerpes_candidus,XC118864.mp3,7.374,8.0973,689.136,5211.592,9.7317,0.7232,1.6345
Melanerpes_candidus,XC101975.mp3,4.6641,4.6641,609.116,609.116,6.9456,0.0,2.2816
Melanerpes_candidus,XC108641.mp3,1.9327,2.552,1096.409,15471.547,2.7763,0.6193,0.2242
Melanerpes_cruentatus,XC1032416.mp3,1.0716,1.1138,775.278,6417.58,1.1514,0.0422,0.0375
Melanerpes_cruentatus,XC1040514.mp3,1.1215,1.1815,602.994,6546.793,1.1993,0.06,0.0177
Melanerpes_cruentatus,XC110.mp3,2.9808,3.4704,609.116,5482.044,3.5856,0.4896,0.1152
Melanerpes_cruentatus,XC113963.mp3,0.2098,0.3111,791.851,9563.122,0.3304,0.1013,0.0193
Melanerpes_cruentatus,XC119033.mp3,1.0101,1.4509,730.939,9380.387,13.3516,0.4408,11.9007
Melanerpes_flavifrons,XC109462.mp3,1.2021,1.3325,1194.828,14120.69,1.3615,0.1304,0.029
Melanerpes_flavifrons,XC1011101.mp3,1.6204,2.2508,760.345,4562.069,3.3425,0.6304,1.0917
Melanerpes_flavifrons,XC1049145.mp3,2.6547,2.7549,760.345,18574.138,2.7783,0.1002,0.0234
Melanerpes_flavifrons,XC1072696.mp3,10.6643,10.8592,417.994,7440.296,11.0542,0.195,0.195
Melanerpes_flavifrons,XC1074215.mp3,3.3613,3.4897,1412.069,16293.103,4.341,0.1284,0.8513
Mesembrinibis_cayennensis,XC1031754.mp3,1.888,1.954,731.49,1379.381,1.9843,0.0659,0.0303
Mesembrinibis_cayennensis,XC1018923.mp3,0.3491,0.5251,582.867,1074.662,0.633,0.176,0.1079
Mesembrinibis_cayennensis,XC1035573.mp3,1.1606,1.1996,543.103,3475.862,1.2179,0.039,0.0183
Mesembrinibis_cayennensis,XC1003084.mp3,1.6717,1.8251,162.931,2118.103,2.2224,0.1534,0.3973
Mesembrinibis_cayennensis,XC100724.mp3,3.3737,3.9034,669.951,2364.532,4.8514,0.5298,0.948
Micrastur_ruficollis,XC10063.mp3,2.4061,3.0421,501.593,15382.185,4.4412,0.636,1.3991
Micrastur_ruficollis,XC1009881.mp3,1.6046,1.861,376.195,6562.508,1.9123,0.2564,0.0513
Micrastur_ruficollis,XC1012407.mp3,8.1339,8.6085,2528.31,3940.379,10.629,0.4746,2.0205
Micrastur_ruficollis,XC1023846.mp3,4.2079,4.8639,1182.266,2600.985,6.349,0.6559,1.4851
Micrastur_ruficollis,XC1025401.mp3,2.2553,2.8943,868.966,3584.483,3.7025,0.639,0.8082
Micrastur_semitorquatus,XC1034276.mp3,7.4342,8.2453,543.103,1520.69,10.7489,0.8112,2.5036
Micrastur_semitorquatus,XC1000366.mp3,8.6032,9.3192,325.862,1846.552,11.4754,0.7159,2.1562
Micrastur_semitorquatus,XC1012428.mp3,1.1645,1.4321,624.569,1357.759,1.653,0.2677,0.2208
Micrastur_semitorquatus,XC1016511.mp3,3.258,4.3171,551.724,1576.355,5.7393,1.0591,1.4222
Micrastur_semitorquatus,XC102711.mp3,4.4995,6.3199,177.34,3842.365,8.3464,1.8204,2.0265
Microspingus_cinereus,XC173331.mp3,2.2015,2.425,1920.161,7373.417,2.5033,0.2235,0.0782
Microspingus_cinereus,XC228547.mp3,2.3127,2.4364,1382.516,12596.254,3.0672,0.1237,0.6307
Microspingus_cinereus,XC234967.mp3,3.2321,3.3898,945.813,15251.232,3.4357,0.1577,0.046
Microspingus_cinereus,XC438770.mp3,1.8575,2.0489,1170.384,16468.97,2.3416,0.1914,0.2927
Microspingus_cinereus,XC228546.mp3,1.583,1.712,5453.256,12903.48,2.581,0.129,0.8689
Microspingus_melanoleucus,XC147223.mp3,2.3045,2.5947,4070.741,11828.19,4.7796,0.2902,2.185
Microspingus_melanoleucus,XC15972.mp3,3.5099,4.074,1412.069,9993.103,6.2363,0.5641,2.1623
Microspingus_melanoleucus,XC16127.mp3,4.6684,4.9465,1412.069,11079.31,8.6929,0.2781,3.7465
Microspingus_melanoleucus,XC189910.mp3,2.8166,3.0631,1536.946,22935.961,4.2073,0.2465,1.1443
Microspingus_melanoleucus,XC189911.mp3,3.6066,3.8252,2009.852,15133.005,4.5207,0.2186,0.6955
Milvago_chimachima,XC108794.mp3,7.7397,9.044,1303.448,19877.586,15.4572,1.3043,6.4132
Milvago_chimachima,XC1005802.mp3,5.871,6.3168,1382.516,13441.125,,0.4458,
Milvago_chimachima,XC1029565.mp3,25.0873,26.6576,760.345,16944.828,,1.5702,
Milvago_chimachima,XC1059971.mp3,7.8439,8.7634,709.36,17379.31,23.1559,0.9194,14.3925
Milvago_chimachima,XC109568.mp3,16.7163,17.9423,614.451,7181.401,18.5038,1.226,0.5615
Milvago_chimango,XC232687.mp3,6.9385,8.3046,977.586,8689.655,13.2658,1.3661,4.9612
Milvago_chimango,XC144344.mp3,5.9553,7.3975,1170.384,7022.302,17.0592,1.4422,9.6617
Milvago_chimango,XC13929.mp3,7.2257,8.3547,1182.266,8985.222,14.7022,1.129,6.3475
Milvago_chimango,XC1001791.mp3,3.8123,4.4572,543.103,11622.414,6.259,0.6449,1.8018
Milvago_chimango,XC103007.mp3,4.1507,5.0027,1683.621,4399.138,5.2376,0.8519,0.2349
Mimus_saturninus,XC10313.mp3,3.5405,4.1002,1303.448,14229.31,11.2299,0.5597,7.1297
Mimus_saturninus,XC1001557.mp3,12.1016,12.324,1350.0,8662.5,12.4352,0.2224,0.1112
Mimus_saturninus,XC1008356.mp3,1.6214,2.0867,1418.719,17142.857,2.1994,0.4653,0.1128
Mimus_saturninus,XC1018631.mp3,8.9187,9.5062,1536.946,9221.675,11.7388,0.5875,2.2326
Mimus_saturninus,XC102991.mp3,2.4769,2.6738,1303.448,4018.966,2.8329,0.1969,0.1591
Mimus_triurus,XC108172.mp3,1.9746,2.1472,2063.793,14772.414,4.8016,0.1726,2.6544
Mimus_triurus,XC108169.mp3,3.0671,3.4441,1629.31,15098.276,5.346,0.377,1.902
Mimus_triurus,XC149102.mp3,4.2895,4.5739,1520.69,16401.724,8.7686,0.2844,4.1947
Mimus_triurus,XC173316.mp3,0.9773,1.175,1629.31,19008.621,1.3068,0.1977,0.1318
Mimus_triurus,XC1018762.mp3,4.3581,4.7021,1737.931,19551.724,14.7372,0.3441,10.0351
Mionectes_oleagineus,XC1067963.mp3,7.8648,8.2866,6734.483,13577.586,13.1079,0.4219,4.8213
Mionectes_oleagineus,XC103194.mp3,1.2756,1.5414,1031.897,6625.862,1.754,0.2658,0.2126
Mionectes_oleagineus,XC106709.mp3,2.107,2.2863,1382.516,5376.45,5.006,0.1793,2.7197
Mionectes_oleagineus,XC103166.mp3,2.6747,3.0299,1520.69,5268.103,4.3045,0.3552,1.2746
Mionectes_oleagineus,XC103168.mp3,1.643,2.132,1086.207,6625.862,2.1711,0.489,0.0391
Mitu_tuberosum,XC119547.mp3,2.9926,3.089,380.172,4996.552,4.3991,0.0964,1.3101
Mitu_tuberosum,XC123101.mp3,4.0415,4.2119,472.906,9576.355,8.6674,0.1704,4.4554
Mitu_tuberosum,XC143699.mp3,3.2595,3.4855,1086.785,3803.747,4.1279,0.226,0.6424
Mitu_tuberosum,XC20639.mp3,5.9668,6.1323,868.966,3747.414,6.2261,0.1655,0.0938
Mitu_tuberosum,XC232751.mp3,2.5391,2.756,250.796,3650.482,3.8661,0.2169,1.1101
Molothrus_bonariensis,XC108175.mp3,1.5161,1.5675,651.724,15424.138,1.5856,0.0513,0.0181
Molothrus_bonariensis,XC103921.mp3,6.6899,6.9625,3150.0,10753.448,7.017,0.2726,0.0545
Molothrus_bonariensis,XC1088855.mp3,0.9163,0.9771,1303.448,16293.103,1.0145,0.0608,0.0374
Molothrus_bonariensis,XC1016889.mp3,1.7127,1.8848,2606.897,15641.379,1.9286,0.1721,0.0438
Molothrus_bonariensis,XC1034683.mp3,14.0915,15.4795,3475.862,8798.276,22.1782,1.388,6.6987
Molothrus_oryzivorus,XC108112.mp3,6.7548,7.1521,1340.055,15349.724,13.0924,0.3973,5.9402
Molothrus_oryzivorus,XC148252.mp3,5.8297,6.2382,1583.702,12425.967,,0.4085,
Molothrus_oryzivorus,XC152573.mp3,12.4808,13.1172,1986.207,14068.966,18.4206,0.6364,5.3034
Molothrus_oryzivorus,XC192736.mp3,3.5483,4.1935,852.762,16933.425,4.5454,0.6452,0.3519
Molothrus_oryzivorus,XC242835.mp3,2.7323,2.8469,1279.144,9197.652,2.9526,0.1146,0.1058
Molothrus_rufoaxillaris,XC1060864.mp3,0.8771,1.2757,574.586,7425.414,1.6212,0.3987,0.3455
Molothrus_rufoaxillaris,XC171108.mp3,3.5174,3.7068,1550.556,14816.426,5.0957,0.1894,1.3889
Molothrus_rufoaxillaris,XC173377.mp3,14.4591,14.7788,1400.967,8771.271,14.8854,0.3197,0.1066
Molothrus_rufoaxillaris,XC174777.mp3,8.2884,8.8201,1949.171,15471.547,13.8869,0.5317,5.0669
Molothrus_rufoaxillaris,XC189667.mp3,8.7415,9.3818,1325.967,15381.215,16.5086,0.6403,7.1268
Momotus_momota,XC1041118.mp3,2.1852,2.4987,129.213,559.923,3.808,0.3135,1.3093
Momotus_momota,XC108183.mp3,2.168,2.3657,197.885,706.731,4.0426,0.1976,1.6769
Momotus_momota,XC1037348.mp3,0.5668,0.647,107.678,710.672,0.6641,0.0802,0.0171
Momotus_momota,XC103.mp3,10.0284,10.4228,274.102,700.483,16.7634,0.3945,6.3406
Momotus_momota,XC1035710.mp3,4.0181,4.5521,215.355,624.53,8.1564,0.534,3.6043
Monasa_nigrifrons,XC106725.mp3,0.3474,0.5411,1033.704,3790.249,0.5907,0.1938,0.0496
Monasa_nigrifrons,XC1007452.mp3,0.2999,0.4416,1428.216,16046.423,0.5471,0.1417,0.1055
Monasa_nigrifrons,XC1034668.mp3,8.3478,8.5439,1431.423,2680.11,8.5974,0.1961,0.0535
Monasa_nigrifrons,XC1037404.mp3,4.8385,5.0108,1340.055,2466.92,5.1093,0.1724,0.0985
Monasa_nigrifrons,XC1040516.mp3,0.5562,0.9093,822.307,2436.464,1.0225,0.3531,0.1132
Mustelirallus_albicollis,XC1025828.mp3,0.9154,0.9405,1231.218,1846.827,0.9656,0.0251,0.0251
Mustelirallus_albicollis,XC1019019.mp3,17.4685,17.5014,1309.599,1705.525,17.516,0.0329,0.0146
Mustelirallus_albicollis,XC1048515.mp3,0.609,0.8825,913.674,2131.906,1.0689,0.2734,0.1864
Mustelirallus_albicollis,XC1008040.mp3,0.5437,0.8138,1279.144,6578.453,0.9305,0.27,0.1168
Mustelirallus_albicollis,XC1008361.mp3,0.561,0.6096,468.8,1968.96,0.6182,0.0487,0.0086
Mycteria_americana,XC1043545.mp3,2.2659,2.7815,684.514,9800.5,3.0679,0.5156,0.2864
Mycteria_americana,XC1043547.mp3,1.9551,2.0767,481.967,6265.574,2.2664,0.1216,0.1897
Mycteria_americana,XC131065.mp3,0.5971,1.0539,1292.13,3316.468,1.2121,0.4568,0.1583
Mycteria_americana,XC131066.mp3,1.0939,1.5666,1335.201,3316.468,1.8772,0.4727,0.3106
Mycteria_americana,XC149638.mp3,2.6552,2.9584,328.16,2203.36,8.9588,0.3032,6.0005
Myiarchus_ferox,XC1050591.mp3,12.1761,12.5387,1949.171,3411.05,,0.3626,
Myiarchus_ferox,XC1045337.mp3,4.8251,5.2702,1981.266,3445.681,8.2552,0.4451,2.9851
Myiarchus_ferox,XC1035921.mp3,3.7683,4.1921,1766.436,3837.431,15.2735,0.4237,11.0814
Myiarchus_ferox,XC1017623.mp3,3.3611,3.8304,1464.414,6503.722,5.6557,0.4693,1.8254
Myiarchus_ferox,XC1017192.mp3,5.3285,5.7211,1035.497,3959.254,9.836,0.3926,4.1148
Myiarchus_swainsoni,XC1006401.mp3,15.0174,15.6211,886.732,2512.407,19.076,0.6037,3.4548
Myiarchus_swainsoni,XC10244.mp3,0.9443,1.0923,2239.692,2670.402,1.5415,0.148,0.4492
Myiarchus_swainsoni,XC1035887.mp3,2.5325,3.0844,1558.508,5252.749,3.2223,0.5518,0.138
Myiarchus_swainsoni,XC1052926.mp3,3.6319,4.2922,990.633,2196.621,6.8771,0.6603,2.5848
Myiarchus_swainsoni,XC1060003.mp3,5.4217,5.8438,1464.414,2110.479,9.0962,0.4221,3.2524
Myiarchus_tuberculifer,XC1035080.mp3,4.6202,5.3486,1808.982,5685.373,7.7453,0.7285,2.3967
Myiarchus_tuberculifer,XC1017671.mp3,4.7309,5.4041,1808.982,3058.041,9.1209,0.6731,3.7168
Myiarchus_tuberculifer,XC1033052.mp3,6.7405,7.7091,1949.171,2619.199,11.8929,0.9686,4.1837
Myiarchus_tuberculifer,XC1002775.mp3,3.6716,4.3125,2131.906,5116.575,6.1591,0.6409,1.8466
Myiarchus_tuberculifer,XC1014656.mp3,5.6665,6.6193,1619.277,5320.482,11.6229,0.9528,5.0036
Myiarchus_tyrannulus,XC1000940.mp3,0.5718,0.7826,730.939,4020.166,0.8273,0.2108,0.0447
Myiarchus_tyrannulus,XC1006622.mp3,3.1052,3.3004,1808.982,2928.828,4.6284,0.1953,1.328
Myiarchus_tyrannulus,XC1006651.mp3,4.6179,4.7955,1378.272,2842.686,5.1402,0.1776,0.3448
Myiarchus_tyrannulus,XC1011573.mp3,9.0974,9.3337,1186.813,15164.835,9.6488,0.2363,0.3151
Myiarchus_tyrannulus,XC1017650.mp3,1.6059,1.751,974.586,3106.492,3.9671,0.145,2.2162
Myiobius_barbatus,XC15697.mp3,0.8219,1.0685,3359.539,10328.263,2.8617,0.2466,1.7932
Myiobius_barbatus,XC111773.mp3,2.6862,2.9282,3411.05,8405.801,2.9361,0.2421,0.0078
Myiobius_barbatus,XC126789.mp3,6.7069,6.9686,1949.171,13400.552,14.1054,0.2616,7.1369
Myiobius_barbatus,XC10133.mp3,1.4783,1.7415,3014.97,9561.764,2.0663,0.2632,0.3248
Myiobius_barbatus,XC1017691.mp3,14.4328,14.7952,4479.385,13007.444,44.0649,0.3624,29.2697
Myiodynastes_maculatus,XC100164.mp3,1.0983,1.2659,1218.232,10598.619,1.964,0.1675,0.6981
Myiodynastes_maculatus,XC1019660.mp3,1.7418,1.9001,1205.988,13093.586,2.2913,0.1583,0.3912
Myiodynastes_maculatus,XC102600.mp3,2.0151,2.1022,1687.68,13876.482,2.9335,0.087,0.8313
Myiodynastes_maculatus,XC10303.mp3,2.6596,2.8284,1464.414,14816.426,3.736,0.1689,0.9076
Myiodynastes_maculatus,XC1032467.mp3,4.5189,4.7508,2541.189,5513.089,6.0016,0.2319,1.2508
Myiopagis_caniceps,XC1032049.mp3,2.4512,2.7997,3238.983,6727.119,3.0578,0.3485,0.2582
Myiopagis_caniceps,XC1006621.mp3,2.6372,2.7166,1888.26,8040.331,2.7307,0.0794,0.0141
Myiopagis_caniceps,XC1006624.mp3,7.9036,8.1592,2801.934,5177.486,12.9003,0.2555,4.7411
Myiopagis_caniceps,XC1017279.mp3,2.5641,2.8625,3445.681,5513.089,5.6598,0.2984,2.7972
Myiopagis_caniceps,XC1017685.mp3,6.0812,6.3599,3471.961,5603.867,6.7978,0.2787,0.4379
Myiopagis_gaimardii,XC1037364.mp3,9.0109,9.4248,2680.11,6091.16,16.2318,0.4139,6.807
Myiopagis_gaimardii,XC1035457.mp3,1.755,2.1938,2984.669,6700.276,2.4058,0.4388,0.2121
Myiopagis_gaimardii,XC1037367.mp3,12.7051,12.9373,2192.818,7065.746,13.374,0.2323,0.4366
Myiopagis_gaimardii,XC1009660.mp3,12.8148,13.3283,3106.492,5725.691,15.1428,0.5135,1.8145
Myiopagis_gaimardii,XC103340.mp3,30.8137,31.5323,3055.842,6770.788,44.3957,0.7186,12.8634
Myiopagis_viridicata,XC1031394.mp3,2.6116,2.914,4994.751,6639.365,10.5498,0.3024,7.6357
Myiopagis_viridicata,XC1028405.mp3,22.3457,22.747,3445.681,6029.941,36.514,0.4013,13.767
Myiopagis_viridicata,XC1031285.mp3,2.4012,2.684,4479.385,7494.355,26.9989,0.2828,24.3149
Myiopagis_viridicata,XC1031391.mp3,2.7102,3.0325,4565.527,8011.207,3.0426,0.3224,0.0101
Myiopagis_viridicata,XC1013697.mp3,8.6985,9.6477,2436.464,5664.779,9.7567,0.9492,0.1089
Myiophobus_fasciatus,XC1002799.mp3,5.9778,6.0927,2375.552,5725.691,6.1174,0.1149,0.0246
Myiophobus_fasciatus,XC1004791.mp3,3.3802,3.4834,1827.348,6700.276,3.5063,0.1032,0.0229
Myiophobus_fasciatus,XC1004866.mp3,4.5506,4.626,2928.828,10767.752,4.6537,0.0754,0.0278
Myiophobus_fasciatus,XC1009081.mp3,2.3714,2.4958,3101.113,8441.917,2.5124,0.1245,0.0166
Myiophobus_fasciatus,XC1018870.mp3,0.7909,0.8538,1657.459,3911.602,0.8682,0.0629,0.0144
Myiopsitta_monachus,XC1059713.mp3,0.6104,0.9023,1949.171,5299.309,0.9554,0.2919,0.0531
Myiopsitta_monachus,XC1059714.mp3,10.4307,10.7469,1671.977,8276.284,10.8019,0.3162,0.055
Myiopsitta_monachus,XC1001665.mp3,1.1817,1.432,1340.055,6334.807,1.4902,0.2503,0.0582
Myiopsitta_monachus,XC104196.mp3,1.2067,2.377,1436.661,11403.5,3.843,1.1703,1.4661
Myiopsitta_monachus,XC104197.mp3,1.5282,1.8015,1591.16,18961.326,1.9533,0.2733,0.1518
Myiornis_ecaudatus,XC103114.mp3,1.0472,1.0897,2994.472,10305.167,1.1046,0.0426,0.0149
Myiornis_ecaudatus,XC103116.mp3,8.0945,8.2963,5882.915,11913.164,18.3856,0.2018,10.0893
Myiornis_ecaudatus,XC1050594.mp3,5.5116,5.6522,2803.992,5905.104,5.8633,0.1407,0.211
Myiornis_ecaudatus,XC1068822.mp3,4.0596,4.4656,3411.05,5969.337,5.7511,0.406,1.2855
Myiornis_ecaudatus,XC1072089.mp3,36.2964,36.8172,3187.255,8786.485,37.9535,0.5208,1.1363
Myiothlypis_flaveola,XC1003076.mp3,1.8322,2.1694,2192.818,6822.099,2.1918,0.3372,0.0225
Myiothlypis_flaveola,XC1011387.mp3,3.623,3.6697,2572.236,3917.713,4.7378,0.0467,1.0681
Myiothlypis_flaveola,XC1026239.mp3,6.537,6.679,3712.707,6563.536,13.6693,0.142,6.9902
Myiothlypis_flaveola,XC1033845.mp3,1.3441,1.4349,5303.867,5966.851,1.4636,0.0909,0.0287
Myiothlypis_flaveola,XC1006629.mp3,1.5215,1.6207,5664.779,6091.16,1.6942,0.0992,0.0735
Myiothlypis_leucophrys,XC1018716.mp3,1.1922,1.3034,3712.707,16707.182,1.3126,0.1112,0.0093
Myiothlypis_leucophrys,XC11348.mp3,0.6216,0.7235,822.43,7850.467,0.754,0.1019,0.0306
Myiothlypis_leucophrys,XC151194.mp3,0.2385,0.2812,6208.477,15424.28,0.2955,0.0427,0.0142
Myiothlypis_leucophrys,XC171029.mp3,1.2873,2.2475,1781.44,3562.881,3.5243,0.9602,1.2768
Myiothlypis_leucophrys,XC23460.mp3,0.9272,1.27,4508.5,9198.693,1.3271,0.3428,0.0571
Myiozetetes_cayanensis,XC1035660.mp3,3.6789,4.6502,2070.994,12425.967,6.8824,0.9714,2.2321
Myiozetetes_cayanensis,XC10091.mp3,5.8602,6.4153,2092.647,12766.68,8.1192,0.555,1.7039
Myiozetetes_cayanensis,XC1035624.mp3,4.3158,5.3795,2010.083,6822.099,9.7888,1.0637,4.4093
Myiozetetes_cayanensis,XC1036455.mp3,8.8974,9.6905,2067.408,5513.089,18.9348,0.7931,9.2444
Myiozetetes_cayanensis,XC1041027.mp3,2.1331,3.0277,1340.055,7065.746,3.4635,0.8945,0.4358
Myiozetetes_similis,XC1071723.mp3,16.2548,16.5966,2109.89,16087.912,16.7985,0.3417,0.2019
Myiozetetes_similis,XC1003812.mp3,2.4665,2.6226,3314.917,14585.635,2.6732,0.1561,0.0506
Myiozetetes_similis,XC1008903.mp3,3.0641,3.332,2801.934,21806.354,5.3573,0.2679,2.0253
Myiozetetes_similis,XC10557.mp3,14.8174,15.2628,6594.393,8655.14,17.0846,0.4453,1.8218
Myiozetetes_similis,XC1067275.mp3,8.164,8.6301,2121.547,17237.569,10.6776,0.4661,2.0475
Myrmorchilus_strigilatus,XC119006.mp3,4.031,4.7476,2756.544,5168.521,14.119,0.7166,9.3714
Myrmorchilus_strigilatus,XC122599.mp3,1.6259,2.3806,2436.464,5116.575,12.8138,0.7546,10.4332
Myrmorchilus_strigilatus,XC114972.mp3,3.2113,3.8617,2584.26,4996.237,10.1263,0.6504,6.2647
Myrmorchilus_strigilatus,XC1030207.mp3,11.2894,12.0142,2010.083,4872.928,12.4188,0.7249,0.4046
Myrmorchilus_strigilatus,XC1007665.mp3,1.8615,2.6665,2801.934,4751.105,3.5578,0.805,0.8912
Nannopterum_brasilianum,XC108205.mp3,3.2561,3.4968,76.806,2861.039,3.6512,0.2407,0.1544
Nannopterum_brasilianum,XC16399.mp3,8.4644,8.6196,172.284,5900.728,11.1021,0.1552,2.4825
Nannopterum_brasilianum,XC16592.mp3,2.1075,2.2379,488.793,6462.931,3.5899,0.1303,1.3521
Nannopterum_brasilianum,XC177197.mp3,9.7032,9.9733,288.024,825.669,10.2916,0.2701,0.3184
Nannopterum_brasilianum,XC197437.mp3,14.4796,14.8558,1330.603,2253.879,32.7802,0.3762,17.9245
Nemosia_pileata,XC1080129.mp3,1.5662,1.6089,6010.344,10083.62,3.0361,0.0428,1.4272
Nemosia_pileata,XC1008360.mp3,0.6092,0.6419,2600.985,17024.631,1.8485,0.0327,1.2065
Nemosia_pileata,XC149916.mp3,3.967,4.0666,4792.256,8234.58,4.4418,0.0996,0.3753
Nemosia_pileata,XC226635.mp3,1.4635,1.5087,4453.448,14555.172,1.6219,0.0453,0.1132
Nemosia_pileata,XC226636.mp3,4.0221,4.0992,5648.276,9558.621,4.8697,0.0771,0.7705
Nengetus_cinereus,XC15427.mp3,7.6432,7.9788,2957.047,4800.402,12.1887,0.3356,4.2099
Nengetus_cinereus,XC150402.mp3,5.7364,6.5711,2063.793,4344.828,11.2392,0.8347,4.6681
Nengetus_cinereus,XC287441.mp3,14.466,15.2779,2498.276,4779.31,,0.812,
Nengetus_cinereus,XC157299.mp3,9.8509,10.9841,1955.172,4779.31,17.2631,1.1332,6.2791
Nengetus_cinereus,XC110254.mp3,4.9721,6.1592,2498.276,4344.828,10.4759,1.1871,4.3167
Neochen_jubata,XC196986.mp3,2.5675,2.7627,192.016,2995.451,3.2864,0.1951,0.5238
Neochen_jubata,XC200617.mp3,15.1258,15.6929,198.895,3480.663,15.7973,0.5671,0.1045
Neochen_jubata,XC200616.mp3,3.0094,3.228,140.64,2672.16,3.251,0.2187,0.023
Neochen_jubata,XC102929.mp3,4.4647,4.5539,307.226,5453.256,4.8844,0.0892,0.3305
Neochen_jubata,XC200619.mp3,1.3496,1.6079,198.895,5403.315,3.8068,0.2583,2.1989
Neocrex_erythrops,XC1026127.mp3,3.9864,4.095,1309.599,4202.901,4.3624,0.1086,0.2674
Neocrex_erythrops,XC226647.mp3,0.8076,0.8771,1035.497,4568.37,1.1497,0.0695,0.2726
Neocrex_erythrops,XC226651.mp3,18.4228,18.5197,852.762,8771.271,18.8319,0.0969,0.3122
Neocrex_erythrops,XC226652.mp3,2.4665,2.5141,53.839,559.923,2.7498,0.0476,0.2357
Neocrex_erythrops,XC196451.mp3,0.7887,0.8486,82.949,552.995,1.1141,0.0599,0.2655
Neopelma_pallescens,XC1067305.mp3,4.5495,4.6796,820.465,2589.593,4.8171,0.1302,0.1375
Neopelma_pallescens,XC1006618.mp3,1.5628,1.709,791.851,4994.751,1.8386,0.1463,0.1295
Neopelma_pallescens,XC1006625.mp3,4.2608,4.3846,689.136,3962.533,4.506,0.1238,0.1214
Neopelma_pallescens,XC102840.mp3,0.967,1.1358,775.278,3962.533,1.4417,0.1688,0.3059
Neopelma_pallescens,XC1035755.mp3,1.3279,1.5019,990.633,5039.308,1.6642,0.174,0.1624
Neothraupis_fasciata,XC291600.mp3,0.5719,0.6292,2498.276,14446.552,0.9037,0.0573,0.2745
Neothraupis_fasciata,XC226681.mp3,0.1704,0.3342,1737.931,10427.586,0.3426,0.1638,0.0084
Neothraupis_fasciata,XC158735.mp3,0.4608,0.5033,2009.852,15605.911,0.7317,0.0426,0.2284
Neothraupis_fasciata,XC15369.mp3,0.1748,0.3592,1303.448,3693.103,0.4687,0.1844,0.1095
Neothraupis_fasciata,XC15368.mp3,1.1001,1.7626,1955.172,9775.862,1.8082,0.6625,0.0456
Netta_peposaca,XC48344.mp3,3.4728,4.2027,172.284,2411.976,4.5595,0.7299,0.3568
Netta_peposaca,XC226684.mp3,1.1843,1.4456,215.355,2433.512,1.8671,0.2612,0.4215
Netta_peposaca,XC226685.mp3,2.3335,2.7642,304.558,2314.641,3.1838,0.4307,0.4196
Netta_peposaca,XC468130.mp3,4.6223,5.1803,517.749,1644.613,7.0545,0.558,1.8742
Netta_peposaca,XC51737.mp3,2.3863,2.9508,152.279,1431.423,3.2639,0.5645,0.313
Nomonyx_dominicus,XC57607.mp3,2.2431,2.2893,193.82,516.852,2.3153,0.0462,0.026
Nomonyx_dominicus,XC57607.mp3,2.2431,2.2893,193.82,516.852,2.3153,0.0462,0.026
Nomonyx_dominicus,XC770310.mp3,1.8038,1.8989,1920.161,3341.08,1.9695,0.0951,0.0706
Nomonyx_dominicus,XC530421.mp3,3.4033,3.5027,1955.172,3801.724,3.5921,0.0994,0.0894
Nomonyx_dominicus,XC48341.mp3,3.5176,3.7459,183.052,592.226,3.8244,0.2283,0.0785
Nomonyx_dominicus,XC448475.mp3,1.933,2.0444,1996.967,3264.273,2.1209,0.1115,0.0764
Nomonyx_dominicus,XC48341.mp3,3.5176,3.7459,183.052,592.226,3.8244,0.2283,0.0785
Nonnula_rubecula,XC1176.mp3,4.5064,4.7095,1728.145,2611.418,4.9198,0.2031,0.2103
Nonnula_rubecula,XC119478.mp3,1.842,2.0733,1881.757,2765.031,2.3817,0.2313,0.3084
Nonnula_rubecula,XC189495.mp3,5.8899,6.0085,1755.575,2967.759,6.2026,0.1186,0.1941
Nonnula_rubecula,XC257969.mp3,5.1291,5.5257,1536.129,4301.16,6.987,0.3966,1.4613
Nonnula_rubecula,XC270868.mp3,13.1748,13.4436,1792.241,2579.741,13.8704,0.2688,0.4268
Nonnula_ruficapilla,XC151884.mp3,26.0148,26.2142,2517.241,2862.069,26.2862,0.1994,0.072
Nonnula_ruficapilla,XC141585.mp3,8.7763,8.9166,1766.548,2957.047,9.1733,0.1403,0.2566
Nonnula_ruficapilla,XC108521.mp3,5.8791,6.0782,1881.757,2841.838,6.2773,0.1991,0.1991
Nonnula_ruficapilla,XC1050571.mp3,6.8406,7.0606,1899.497,3086.683,7.3234,0.2199,0.2629
Nonnula_ruficapilla,XC108520.mp3,0.966,1.1758,1520.69,3041.379,1.3857,0.2099,0.2099
Nothura_maculosa,XC17155.mp3,1.7728,7.5325,2098.522,3162.562,8.6192,5.7597,1.0867
Nothura_maculosa,XC153780.mp3,6.0581,6.2412,1843.354,3072.257,6.7142,0.1831,0.473
Nothura_maculosa,XC105632.mp3,6.4202,9.6366,2118.103,3557.328,13.255,3.2165,3.6184
Nothura_maculosa,XC1067436.mp3,11.3375,11.5035,2416.81,3041.379,11.891,0.166,0.3874
Nothura_maculosa,XC17082.mp3,2.4067,7.6211,2128.079,3014.778,23.0792,5.2144,15.4582
Numenius_hudsonicus,XC257521.mp3,12.0958,12.1604,1928.017,2932.759,12.2128,0.0646,0.0524
Numenius_hudsonicus,XC182163.mp3,0.3747,0.4321,1943.673,2758.761,0.4811,0.0575,0.049
Numenius_hudsonicus,XC1016011.mp3,11.9207,12.072,1843.354,2841.838,12.1069,0.1513,0.0349
Numenius_hudsonicus,XC10909.mp3,2.7323,2.8158,1031.897,9775.862,3.0245,0.0835,0.2087
Numenius_hudsonicus,XC110504.mp3,25.3757,26.1051,1493.534,2688.362,28.8909,0.7294,2.7857
Nyctibius_grandis,XC14116.mp3,12.3887,13.2981,518.443,1036.887,29.0891,0.9095,15.7909
Nyctibius_grandis,XC135771.mp3,13.0221,14.3436,334.395,1128.584,21.8861,1.3215,7.5425
Nyctibius_grandis,XC1034571.mp3,8.8907,9.882,638.147,991.164,22.1867,0.9913,12.3047
Nyctibius_grandis,XC119215.mp3,11.8717,13.6394,499.242,1113.693,20.188,1.7677,6.5485
Nyctibius_grandis,XC1040540.mp3,25.2747,26.606,466.019,961.165,,1.3313,
Nyctibius_griseus,XC1010900.mp3,23.7435,24.794,669.951,1300.493,33.1277,1.0506,8.3337
Nyctibius_griseus,XC1014658.mp3,4.5748,4.7936,488.793,909.698,27.2532,0.2189,22.4596
Nyctibius_griseus,XC104826.mp3,23.3733,24.5408,794.189,1044.985,,1.1675,
Nyctibius_griseus,XC1053925.mp3,5.38,7.3216,651.724,1086.207,,1.9416,
Nyctibius_griseus,XC1059996.mp3,13.6169,16.1425,537.645,1401.717,27.338,2.5255,11.1956
Nycticorax_nycticorax,XC1005035.mp3,9.7869,9.9536,464.088,1823.204,24.0945,0.1667,14.1409
Nycticorax_nycticorax,XC1004946.mp3,15.3399,15.6549,1035.497,7796.685,16.5587,0.315,0.9038
Nycticorax_nycticorax,XC1004502.mp3,3.5797,3.7431,1127.072,2055.249,6.4102,0.1633,2.6671
Nycticorax_nycticorax,XC1003736.mp3,8.2325,8.4477,994.475,1856.354,13.3964,0.2152,4.9487
Nycticorax_nycticorax,XC1004659.mp3,15.8487,15.9852,1078.24,2156.48,26.3653,0.1365,10.3801
Nyctidromus_albicollis,XC100001.mp3,3.1474,3.7445,947.562,2282.763,5.2727,0.5971,1.5282
Nyctidromus_albicollis,XC1006007.mp3,3.4548,3.7877,1126.865,2527.831,6.1525,0.3329,2.3648
Nyctidromus_albicollis,XC1006052.mp3,0.8547,0.9174,395.925,1400.967,1.0496,0.0627,0.1323
Nyctidromus_albicollis,XC1006632.mp3,4.0567,4.1242,60.912,1187.776,4.4503,0.0674,0.3262
Nyctidromus_albicollis,XC1008482.mp3,7.4075,7.5988,646.065,1808.982,8.2923,0.1913,0.6935
Nyctiphrynus_ocellatus,XC1068567.mp3,2.7395,3.3099,710.672,2045.873,6.1535,0.5704,2.8436
Nyctiphrynus_ocellatus,XC107726.mp3,7.0101,7.5962,775.278,1852.053,10.9489,0.5861,3.3527
Nyctiphrynus_ocellatus,XC1033117.mp3,5.9221,6.5118,861.42,2110.479,10.6705,0.5897,4.1588
Nyctiphrynus_ocellatus,XC1038988.mp3,8.7392,9.3006,539.12,2203.36,15.6346,0.5614,6.334
Nyctiphrynus_ocellatus,XC1018914.mp3,4.9823,5.6763,1044.199,2071.823,8.7292,0.694,3.0529
Nyctiprogne_leucopyga,XC119453.mp3,1.2574,1.5684,670.028,2101.45,2.1902,0.3109,0.6218
Nyctiprogne_leucopyga,XC113976.mp3,1.3372,1.4943,852.762,1979.627,2.2914,0.1571,0.7972
Nyctiprogne_leucopyga,XC1072105.mp3,3.564,3.8628,818.349,1636.698,6.9119,0.2988,3.0491
Nyctiprogne_leucopyga,XC1072106.mp3,3.7328,3.9643,926.027,2175.086,5.6524,0.2315,1.6881
Nyctiprogne_leucopyga,XC110745.mp3,1.5625,2.0023,861.878,1756.906,3.5532,0.4398,1.5509
Nystalus_chacuru,XC108196.mp3,2.4506,2.6154,1005.041,2131.906,2.6316,0.1647,0.0162
Nystalus_chacuru,XC121869.mp3,3.0648,3.4907,796.814,3014.97,3.502,0.4259,0.0113
Nystalus_chacuru,XC1013169.mp3,1.7031,1.9287,1313.666,2175.086,2.0244,0.2256,0.0956
Nystalus_chacuru,XC1008365.mp3,0.3266,0.61,1392.265,2055.249,0.759,0.2834,0.149
Nystalus_chacuru,XC1015987.mp3,1.9717,2.0083,1248.688,1538.018,2.0546,0.0366,0.0463
Nystalus_maculatus,XC1030228.mp3,2.6368,2.6729,1421.343,2024.337,2.6919,0.0361,0.019
Nystalus_maculatus,XC107275.mp3,0.9633,1.0931,1218.232,2223.273,1.1276,0.1298,0.0345
Nystalus_maculatus,XC172829.mp3,2.3942,2.7132,762.431,2784.53,2.7901,0.319,0.0768
Nystalus_maculatus,XC211658.mp3,2.3405,2.6324,1172.0,2156.48,2.6806,0.2919,0.0482
Nystalus_maculatus,XC119036.mp3,2.5112,2.916,1529.021,2325.834,3.0144,0.4049,0.0984
Nystalus_striatipectus,XC127044.mp3,3.9851,4.2806,1126.865,2527.831,4.3996,0.2955,0.119
Nystalus_striatipectus,XC12784.mp3,3.2139,3.4973,1187.776,2162.362,3.6153,0.2834,0.1181
Nystalus_striatipectus,XC189905.mp3,1.4699,1.7009,1176.796,2270.718,1.8051,0.2309,0.1043
Nystalus_striatipectus,XC189906.mp3,1.5039,1.7162,820.4,3750.401,,0.2123,
Nystalus_striatipectus,XC273196.mp3,3.4276,3.7146,990.633,4091.746,3.8253,0.287,0.1107
Oporornis_agilis,XC121778.mp3,7.7801,8.0032,2670.402,4910.095,8.0194,0.2231,0.0162
Oporornis_agilis,XC1044161.mp3,8.6181,8.7155,2519.337,11138.122,10.9106,0.0974,2.1951
Oporornis_agilis,XC1013973.mp3,0.4983,0.6048,4172.321,5250.561,0.6279,0.1066,0.023
Oporornis_agilis,XC1013971.mp3,8.989,9.0939,4375.691,5569.061,9.1091,0.1048,0.0153
Oporornis_agilis,XC103832.mp3,0.9392,1.0225,1949.171,4690.193,1.1541,0.0833,0.1316
Ortalis_canicollis,XC100828.mp3,11.1264,11.1928,473.781,6417.58,11.2732,0.0664,0.0804
Ortalis_canicollis,XC1050459.mp3,8.1785,8.4906,365.47,2893.301,8.874,0.312,0.3835
Ortalis_canicollis,XC115879.mp3,4.0725,4.2026,473.781,6503.722,4.3008,0.1301,0.0982
Ortalis_canicollis,XC123600.mp3,14.8738,15.1102,596.685,3779.006,15.7102,0.2364,0.6
Ortalis_canicollis,XC123603.mp3,22.8735,23.0478,415.094,3433.962,23.0905,0.1743,0.0428
Orthopsittaca_manilatus,XC1034542.mp3,10.9768,11.1535,913.674,6700.276,11.349,0.1767,0.1955
Orthopsittaca_manilatus,XC1044071.mp3,2.9641,3.232,1035.497,6030.249,3.3725,0.2679,0.1405
Orthopsittaca_manilatus,XC1031771.mp3,0.6907,0.8251,928.177,15646.409,1.9432,0.1344,1.1181
Orthopsittaca_manilatus,XC1031770.mp3,29.4409,29.61,928.177,15381.215,29.846,0.1691,0.236
Orthopsittaca_manilatus,XC103440.mp3,16.172,16.5493,812.587,5313.068,16.6037,0.3772,0.0544
Oxyura_vittata,XC1078060.mp3,1.3052,1.4058,947.562,10337.042,4.6528,0.1006,3.247
Oxyura_vittata,XC44471.mp3,1.9165,2.0164,365.47,3532.873,2.1647,0.0999,0.1484
Oxyura_vittata,XC774895.mp3,1.0382,1.1052,750.08,5906.881,1.3062,0.067,0.201
Oxyura_vittata,XC774896.mp3,0.8898,0.9523,421.92,5203.681,1.0459,0.0624,0.0937
Pachyramphus_castaneus,XC116451.mp3,5.6536,6.143,2812.8,4078.561,6.1811,0.4894,0.0381
Pachyramphus_castaneus,XC118637.mp3,21.0679,21.4538,2771.648,7391.061,21.4768,0.3859,0.023
Pachyramphus_castaneus,XC119520.mp3,0.5374,0.8876,2455.047,3661.036,0.9452,0.3502,0.0576
Pachyramphus_castaneus,XC119855.mp3,2.1407,2.4799,2801.934,3563.329,2.5127,0.3392,0.0328
Pachyramphus_castaneus,XC129762.mp3,0.7653,1.049,2756.544,11198.462,1.1293,0.2837,0.0803
Pachyramphus_marginatus,XC15106.mp3,2.8991,3.2272,1949.171,9928.591,3.2376,0.3281,0.0104
Pachyramphus_marginatus,XC147773.mp3,0.9116,1.1941,2196.621,4307.101,1.2487,0.2825,0.0546
Pachyramphus_marginatus,XC11726.mp3,22.7128,23.086,1981.266,11715.314,23.133,0.3732,0.047
Pachyramphus_marginatus,XC119930.mp3,0.9815,1.2571,2146.758,4094.288,1.3137,0.2756,0.0566
Pachyramphus_marginatus,XC139984.mp3,1.0412,1.3564,2345.097,4507.459,1.382,0.3152,0.0256
Pachyramphus_polychopterus,XC10229.mp3,3.5405,3.6463,1735.981,2984.669,3.7143,0.1058,0.068
Pachyramphus_polychopterus,XC1025355.mp3,22.7234,22.9626,1968.96,12188.802,23.0439,0.2391,0.0813
Pachyramphus_polychopterus,XC1031455.mp3,0.5987,0.8295,1922.08,3891.041,0.9053,0.2308,0.0757
Pachyramphus_polychopterus,XC1042952.mp3,3.8925,3.9673,1722.84,14385.716,4.0531,0.0748,0.0858
Pachyramphus_polychopterus,XC1049848.mp3,1.2251,1.371,1461.878,14618.785,1.6515,0.1459,0.2806
Pachyramphus_validus,XC282684.mp3,15.7472,15.787,852.762,14740.608,15.7951,0.0397,0.0081
Pachyramphus_validus,XC195924.mp3,12.1404,12.1661,3187.255,11543.03,12.1851,0.0257,0.019
Pachyramphus_validus,XC189669.mp3,12.8575,13.2415,4640.884,14320.442,15.0386,0.384,1.7971
Pachyramphus_validus,XC1016162.mp3,1.3515,1.3743,3654.696,12547.79,1.3929,0.0228,0.0186
Pachyramphus_validus,XC119358.mp3,28.7992,28.8241,516.852,15106.077,28.8318,0.0249,0.0077
Pachyramphus_viridis,XC1002603.mp3,2.0284,2.114,1096.409,7187.569,2.132,0.0857,0.018
Pachyramphus_viridis,XC1064094.mp3,0.3309,0.4602,1458.564,11138.122,0.4756,0.1293,0.0153
Pachyramphus_viridis,XC1071818.mp3,1.4251,1.5084,1591.16,10077.348,1.5515,0.0833,0.0431
Pachyramphus_viridis,XC119359.mp3,15.7101,15.7974,1033.594,15618.75,15.808,0.0873,0.0105
Pachyramphus_viridis,XC119898.mp3,2.0667,2.124,974.586,3289.227,2.1693,0.0573,0.0453
Pandion_haliaetus,XC1015790.mp3,1.6727,1.796,1524.862,4508.287,1.9108,0.1234,0.1148
Pandion_haliaetus,XC1034307.mp3,4.0177,4.1155,1765.911,4953.166,4.1895,0.0978,0.0739
Pandion_haliaetus,XC1004466.mp3,0.8792,1.1686,1949.171,5299.309,1.216,0.2893,0.0475
Pandion_haliaetus,XC10887.mp3,1.0695,1.1827,1981.266,5857.657,1.8229,0.1132,0.6401
Pandion_haliaetus,XC1013324.mp3,4.7596,4.8312,795.58,10872.928,4.9707,0.0716,0.1394
Parabuteo_unicinctus,XC1065895.mp3,9.5874,10.2142,2498.276,9884.483,10.3921,0.6268,0.1779
Parabuteo_unicinctus,XC196286.mp3,32.003,33.1646,668.791,14378.999,46.1299,1.1615,12.9653
Parabuteo_unicinctus,XC232835.mp3,3.8716,4.0456,2347.322,16018.866,4.5676,0.174,0.522
Parabuteo_unicinctus,XC238753.mp3,2.8538,3.1887,651.724,10061.642,3.5077,0.3348,0.319
Parabuteo_unicinctus,XC1325.mp3,5.0038,5.3157,1575.0,7983.621,5.878,0.3119,0.5623
Pardirallus_maculatus,XC119784.mp3,9.4528,9.4833,11.074,183.823,9.4922,0.0305,0.0089
Pardirallus_maculatus,XC119785.mp3,44.4793,44.5188,115.21,2611.418,44.6512,0.0394,0.1324
Pardirallus_maculatus,XC199679.mp3,1.1216,1.1889,28.802,960.08,1.2007,0.0674,0.0118
Pardirallus_maculatus,XC199681.mp3,0.4166,0.4479,27.155,1011.53,0.4914,0.0313,0.0435
Pardirallus_maculatus,XC199682.mp3,3.4535,3.4869,67.888,964.009,3.5275,0.0334,0.0407
Pardirallus_nigricans,XC1064763.mp3,1.636,2.2047,1086.207,13251.724,2.6009,0.5688,0.3962
Pardirallus_nigricans,XC1064764.mp3,3.1651,4.2202,1536.129,11751.383,4.6054,1.055,0.3852
Pardirallus_nigricans,XC1068891.mp3,3.8808,4.3673,1182.266,7211.823,5.85,0.4865,1.4827
Pardirallus_nigricans,XC108644.mp3,10.088,11.1945,1303.448,15858.621,15.4177,1.1065,4.2231
Pardirallus_nigricans,XC1074542.mp3,2.2199,2.2596,1170.384,14629.795,,0.0397,
Paroaria_capitata,XC148700.mp3,14.3748,14.5555,2549.764,4472.537,14.9276,0.1807,0.3721
Paroaria_capitata,XC171670.mp3,12.6496,12.7816,945.813,11054.187,18.3472,0.132,5.5656
Paroaria_capitata,XC360591.mp3,2.6354,2.7595,3258.621,4725.0,3.0285,0.1241,0.269
Paroaria_capitata,XC50743.mp3,5.2783,5.4164,2025.116,13394.557,9.3367,0.138,3.9204
Paroaria_capitata,XC47119.mp3,8.0305,8.1922,1955.172,9015.517,11.8813,0.1616,3.6891
Paroaria_coronata,XC144401.mp3,1.82,1.9461,1737.931,7331.897,2.5517,0.1262,0.6055
Paroaria_coronata,XC1017323.mp3,2.5084,2.733,1303.448,16293.103,3.9714,0.2246,1.2384
Paroaria_coronata,XC115735.mp3,6.6745,6.9936,1170.384,3511.151,7.1026,0.3191,0.109
Paroaria_coronata,XC115737.mp3,6.5306,6.833,1536.946,17497.537,7.4472,0.3024,0.6142
Paroaria_coronata,XC11838.mp3,3.6477,3.9398,1303.448,3693.103,4.5689,0.2921,0.629
Passer_domesticus,XC1000094.mp3,6.9351,7.0987,1895.701,5288.009,8.1389,0.1636,1.0403
Passer_domesticus,XC1000679.mp3,2.5047,2.664,1655.172,6266.01,4.1896,0.1593,1.5256
Passer_domesticus,XC1001803.mp3,2.0954,2.2546,2715.517,5648.276,3.1781,0.1592,0.9235
Passer_domesticus,XC1002492.mp3,4.2291,4.3606,1846.552,9450.0,5.7921,0.1315,1.4315
Passer_domesticus,XC1002493.mp3,1.6877,1.8823,1846.552,11731.034,2.5337,0.1946,0.6514
Patagioenas_cayennensis,XC1039028.mp3,3.1976,3.9969,288.024,768.064,4.9758,0.7994,0.9788
Patagioenas_cayennensis,XC101382.mp3,3.1328,3.9043,298.707,868.966,4.3238,0.7715,0.4194
Patagioenas_cayennensis,XC1027739.mp3,16.5783,16.9705,380.172,936.853,17.8869,0.3922,0.9164
Patagioenas_cayennensis,XC105.mp3,2.4674,2.6388,340.43,902.14,2.8742,0.1713,0.2354
Patagioenas_cayennensis,XC105663.mp3,4.2171,4.3236,355.295,867.338,4.5294,0.1065,0.2059
Patagioenas_picazuro,XC119107.mp3,6.7865,6.8632,268.822,1056.088,6.8731,0.0767,0.0099
Patagioenas_picazuro,XC1053013.mp3,8.5635,9.114,353.017,760.345,9.792,0.5505,0.6779
Patagioenas_picazuro,XC113853.mp3,1.9046,1.9865,325.862,814.655,2.2404,0.0819,0.2539
Patagioenas_picazuro,XC124536.mp3,2.7706,2.9542,354.68,783.251,3.0767,0.1837,0.1225
Patagioenas_picazuro,XC1050532.mp3,7.5152,7.9331,271.552,706.034,8.5131,0.4179,0.5801
Patagioenas_speciosa,XC1067307.mp3,3.6473,3.8581,271.552,543.103,4.2741,0.2109,0.416
Patagioenas_speciosa,XC104229.mp3,1.1234,1.6583,268.822,480.04,3.0225,0.5349,1.3641
Patagioenas_speciosa,XC1035151.mp3,3.8784,4.1045,230.819,543.103,4.5968,0.2262,0.4923
Patagioenas_speciosa,XC1003078.mp3,3.2512,3.4871,176.509,529.526,3.9705,0.2359,0.4834
Patagioenas_speciosa,XC104227.mp3,19.9632,20.3677,244.397,543.103,21.8198,0.4045,1.452
Patagioenas_subvinacea,XC1000986.mp3,8.4569,8.7054,665.302,1167.672,8.7854,0.2485,0.08
Patagioenas_subvinacea,XC1001102.mp3,13.8797,14.0006,841.81,1181.25,14.057,0.1209,0.0564
Patagioenas_subvinacea,XC1007718.mp3,7.895,7.9983,706.034,1276.293,8.1154,0.1033,0.1171
Patagioenas_subvinacea,XC1007719.mp3,5.1566,5.267,691.258,1228.903,5.3775,0.1105,0.1105
Patagioenas_subvinacea,XC1007766.mp3,1.9594,2.025,652.855,1286.508,2.1974,0.0656,0.1724
Penelope_ochrogaster,XC174771.mp3,7.3545,7.5282,162.931,3638.793,7.5885,0.1737,0.0603
Penelope_ochrogaster,XC100813.mp3,1.0545,1.1937,353.017,4154.741,1.2306,0.1392,0.0369
Penelope_ochrogaster,XC227433.mp3,8.2729,8.3248,244.397,2416.81,8.4096,0.0519,0.0849
Penelope_ochrogaster,XC174772.mp3,7.1786,7.3938,768.064,6682.159,7.4968,0.2152,0.1029
Penelope_ochrogaster,XC23712.mp3,8.3782,8.6944,461.638,4263.362,8.7347,0.3162,0.0402
Penelope_superciliaris,XC1018698.mp3,1.0467,1.2123,459.794,7147.7,1.2981,0.1656,0.0859
Penelope_superciliaris,XC108199.mp3,4.3907,4.6149,576.048,3072.257,4.9255,0.2243,0.3105
Penelope_superciliaris,XC119193.mp3,20.3648,20.4398,307.226,5530.063,20.6362,0.075,0.1964
Penelope_superciliaris,XC1913.mp3,7.1048,7.2221,380.172,7657.759,7.432,0.1174,0.2098
Penelope_superciliaris,XC227418.mp3,3.6206,3.7549,298.707,10906.513,3.847,0.1343,0.0921
Petrochelidon_pyrrhonota,XC1011725.mp3,1.026,1.2209,2758.761,5308.526,2.0315,0.1949,0.8105
Petrochelidon_pyrrhonota,XC1014023.mp3,6.3232,6.4182,1743.59,17846.154,7.0398,0.095,0.6217
Petrochelidon_pyrrhonota,XC1014026.mp3,3.9032,4.1428,1418.719,10403.941,4.2133,0.2396,0.0705
Petrochelidon_pyrrhonota,XC1014904.mp3,2.1245,2.1881,2009.852,12295.567,2.1961,0.0636,0.008
Petrochelidon_pyrrhonota,XC1014025.mp3,7.6247,7.6794,1839.174,5183.128,7.7219,0.0547,0.0425
Phacellodomus_ruber,XC1030211.mp3,54.7084,54.8633,760.345,11948.276,55.059,0.1548,0.1957
Phacellodomus_ruber,XC108200.mp3,12.0288,12.2169,1651.338,4127.586,12.2821,0.1881,0.0652
Phacellodomus_ruber,XC1074814.mp3,2.8177,2.9209,1303.448,10644.828,3.0758,0.1032,0.1548
Phacellodomus_ruber,XC1001795.mp3,3.778,3.8911,1955.172,18139.655,4.0451,0.1131,0.1539
Phacellodomus_ruber,XC1015992.mp3,1.3736,1.6309,1737.931,4399.138,1.6794,0.2572,0.0485
Phacellodomus_rufifrons,XC1019052.mp3,30.7736,30.8981,1182.266,12295.567,31.2599,0.1245,0.3619
Phacellodomus_rufifrons,XC1030251.mp3,0.8525,0.9168,651.724,11731.034,0.9572,0.0643,0.0404
Phacellodomus_rufifrons,XC1067277.mp3,6.336,6.4248,3187.841,12188.802,6.7631,0.0888,0.3383
Phacellodomus_rufifrons,XC114242.mp3,5.7954,5.8641,1303.448,13794.828,5.8879,0.0686,0.0239
Phacellodomus_rufifrons,XC118699.mp3,13.3919,13.4503,760.345,19877.586,13.4919,0.0584,0.0417
Phaeomyias_murina,XC1049861.mp3,0.716,0.8051,1096.409,10354.972,0.83,0.0891,0.0249
Phaeomyias_murina,XC1059177.mp3,4.9655,5.109,3005.525,5259.669,5.1298,0.1435,0.0209
Phaeomyias_murina,XC1019305.mp3,1.4604,1.5582,2784.53,14850.829,1.5861,0.0978,0.0279
Phaeomyias_murina,XC10219.mp3,22.9269,22.9923,2436.464,6943.923,23.0214,0.0654,0.029
Phaeomyias_murina,XC1051777.mp3,0.8011,0.9299,2342.541,5701.657,,0.1287,
Phaethornis_nattereri,XC10042.mp3,2.0117,2.2221,3898.343,7431.215,2.3734,0.2104,0.1513
Phaethornis_nattereri,XC227611.mp3,3.474,3.783,7431.215,9745.856,3.8318,0.309,0.0488
Phaethornis_nattereri,XC227612.mp3,0.6527,0.9068,6334.807,9014.917,0.9442,0.2541,0.0374
Phaethornis_nattereri,XC227613.mp3,13.4407,13.7386,5969.337,9867.68,13.7633,0.2979,0.0247
Phaethornis_nattereri,XC1035012.mp3,4.6407,4.8971,4629.282,8466.713,4.9781,0.2564,0.081
Phaethornis_pretrei,XC1083456.mp3,19.3197,19.7003,4358.783,7265.343,21.2635,0.3806,1.5633
Phaethornis_pretrei,XC1084277.mp3,0.9814,1.1647,3447.514,15116.022,1.5494,0.1833,0.3846
Phaethornis_pretrei,XC108645.mp3,0.9966,1.2617,5360.221,8283.978,1.4101,0.2651,0.1484
Phaethornis_pretrei,XC1035480.mp3,4.9247,5.2513,5556.245,9813.423,5.4175,0.3266,0.1662
Phaethornis_pretrei,XC103646.mp3,0.696,0.7853,4507.459,15227.901,0.8132,0.0893,0.0279
Phaethornis_ruber,XC1035479.mp3,3.8378,4.0518,6822.099,8710.359,4.3475,0.214,0.2957
Phaethornis_ruber,XC1040520.mp3,14.1001,14.2467,1705.525,2923.757,14.7964,0.1466,0.5497
Phaethornis_ruber,XC1044567.mp3,0.6792,0.8583,5360.221,8283.978,1.1125,0.1792,0.2542
Phaethornis_ruber,XC1050544.mp3,5.7072,5.9427,5969.337,8283.978,6.1781,0.2355,0.2355
Phaethornis_ruber,XC114283.mp3,2.9313,3.1595,4906.077,16176.796,3.3592,0.2282,0.1997
Phaethornis_subochraceus,XC1064082.mp3,1.1103,1.2439,4375.691,16441.989,1.8192,0.1336,0.5753
Phaethornis_subochraceus,XC153677.mp3,8.0131,8.1975,4263.812,8162.155,8.5923,0.1844,0.3948
Phaethornis_subochraceus,XC3350.mp3,2.236,2.4402,3776.519,8283.978,2.6279,0.2042,0.1877
Phaethornis_subochraceus,XC545190.mp3,0.7745,0.9922,4031.681,8719.681,1.1907,0.2177,0.1984
Phaethornis_subochraceus,XC74020.mp3,2.0889,2.318,4263.812,15106.077,2.3839,0.229,0.0659
Phaetusa_simplex,XC1050687.mp3,2.0878,2.2657,843.84,10219.842,2.9907,0.1779,0.725
Phaetusa_simplex,XC1015650.mp3,15.1206,15.2401,548.204,9136.74,15.3464,0.1195,0.1062
Phaetusa_simplex,XC1040521.mp3,1.5226,1.6935,516.852,10337.042,1.8491,0.1709,0.1557
Phaetusa_simplex,XC1027463.mp3,4.9337,5.0308,913.674,7613.95,5.0775,0.0971,0.0467
Phaetusa_simplex,XC1045142.mp3,1.4948,1.6873,1033.704,14644.142,1.724,0.1926,0.0367
Phalaropus_tricolor,XC160496.mp3,0.8985,1.0852,265.193,2883.978,1.43,0.1867,0.3449
Phalaropus_tricolor,XC160712.mp3,0.9472,1.0463,1723.757,14055.249,1.8423,0.0991,0.796
Phalaropus_tricolor,XC294533.mp3,2.508,2.6007,198.895,2718.232,2.6199,0.0927,0.0193
Phalaropus_tricolor,XC32269.mp3,1.1009,1.1567,1279.144,2406.008,1.2343,0.0557,0.0777
Phalaropus_tricolor,XC355414.mp3,13.5322,13.5647,258.874,1309.599,13.8062,0.0325,0.2415
Pheucticus_aureoventris,XC139248.mp3,1.8215,1.9611,2154.696,3513.812,1.9708,0.1397,0.0097
Pheucticus_aureoventris,XC1065434.mp3,3.4859,3.7259,1392.265,3845.304,3.9517,0.2399,0.2258
Pheucticus_aureoventris,XC11304.mp3,1.5228,1.7136,2070.994,3411.05,1.7196,0.1908,0.006
Pheucticus_aureoventris,XC106728.mp3,7.5664,7.7001,2070.994,7431.215,7.7184,0.1338,0.0182
Pheucticus_aureoventris,XC126992.mp3,10.627,10.7834,1461.878,2801.934,10.7954,0.1563,0.012
Pheugopedius_genibarbis,XC1035714.mp3,15.6259,15.9989,1908.173,2968.269,16.0116,0.373,0.0126
Pheugopedius_genibarbis,XC1035718.mp3,45.0224,45.1458,1203.603,2744.214,45.196,0.1235,0.0502
Pheugopedius_genibarbis,XC1050513.mp3,4.8131,4.9221,840.07,3293.076,4.9626,0.109,0.0405
Pheugopedius_genibarbis,XC1065200.mp3,3.3533,3.3957,906.195,3460.018,3.4316,0.0424,0.0359
Pheugopedius_genibarbis,XC1080156.mp3,3.562,3.75,3187.467,6180.499,3.7748,0.1879,0.0248
Philohydor_lictor,XC118680.mp3,4.5023,4.8921,1466.379,5105.172,5.0011,0.3898,0.109
Philohydor_lictor,XC113576.mp3,5.4236,5.8412,1123.153,5852.217,9.1397,0.4176,3.2985
Philohydor_lictor,XC1050507.mp3,26.1605,26.6187,1031.897,7603.448,26.7389,0.4582,0.1202
Philohydor_lictor,XC1000941.mp3,2.6579,3.1003,1497.725,4301.16,3.255,0.4424,0.1547
Philohydor_lictor,XC1072099.mp3,5.4013,5.8376,868.966,7494.828,5.9064,0.4362,0.0689
Phimosus_infuscatus,XC236346.mp3,13.1919,13.2587,1964.573,4556.136,13.4442,0.0668,0.1855
Phimosus_infuscatus,XC389359.mp3,2.1375,2.28,729.661,1920.161,2.3581,0.1425,0.078
Phimosus_infuscatus,XC416486.mp3,6.3194,6.4252,434.483,3258.621,8.1684,0.1058,1.7432
Phimosus_infuscatus,XC422113.mp3,2.3085,2.436,651.724,2878.448,2.6741,0.1275,0.2381
Phimosus_infuscatus,XC448488.mp3,2.7089,2.8119,733.19,1249.138,2.9052,0.1031,0.0932
Phleocryptes_melanops,XC13041.mp3,4.1405,4.1667,1891.626,9458.128,4.2772,0.0262,0.1105
Phleocryptes_melanops,XC118720.mp3,0.8864,0.9186,1152.096,9216.771,1.0015,0.0322,0.0829
Phleocryptes_melanops,XC1026063.mp3,0.9036,0.9386,1996.967,7373.417,1.0344,0.035,0.0958
Phleocryptes_melanops,XC10686.mp3,5.7347,5.7669,1683.621,8363.793,5.87,0.0322,0.1031
Phleocryptes_melanops,XC100785.mp3,3.5169,3.5763,691.258,10676.093,4.1958,0.0594,0.6195
Phyllomyias_fasciatus,XC1000973.mp3,5.2597,5.6585,1656.466,2715.517,5.799,0.3988,0.1405
Phyllomyias_fasciatus,XC1037366.mp3,5.0247,5.4059,1846.552,2932.759,5.6858,0.3811,0.2799
Phyllomyias_fasciatus,XC1053020.mp3,15.2147,15.7658,1887.987,2354.219,15.9296,0.551,0.1638
Phyllomyias_fasciatus,XC1074543.mp3,20.2536,20.7121,1921.182,2660.099,20.9037,0.4585,0.1915
Phyllomyias_fasciatus,XC1084402.mp3,5.6958,6.127,1193.37,6430.939,6.3652,0.4312,0.2383
Phyllomyias_reiseri,XC17069.mp3,1.5797,1.7312,2715.517,7386.207,1.7918,0.1516,0.0606
Phyllomyias_reiseri,XC277315.mp3,21.1971,21.3589,2995.451,10292.061,21.4066,0.1618,0.0478
Phyllomyias_reiseri,XC310495.mp3,1.3622,1.5083,3041.379,6951.724,1.5469,0.1462,0.0386
Phyllomyias_reiseri,XC377056.mp3,1.6692,1.8358,1770.845,8994.121,1.8604,0.1666,0.0246
Phyllomyias_reiseri,XC340289.mp3,18.0279,18.2223,2335.345,7386.207,18.2558,0.1944,0.0335
Piaya_cayana,XC1035978.mp3,15.448,15.5939,4688.001,5484.961,,0.1459,
Piaya_cayana,XC1049866.mp3,3.2098,3.8792,1502.762,3469.613,,0.6694,
Piaya_cayana,XC1064783.mp3,1.6739,2.3156,1572.092,2821.151,2.55,0.6417,0.2344
Piaya_cayana,XC1035083.mp3,7.323,7.6162,1035.497,3776.519,7.7314,0.2932,0.1152
Piaya_cayana,XC1034673.mp3,9.5084,9.7807,121.823,3532.873,10.9812,0.2722,1.2005
Piculus_chrysochloros,XC1034694.mp3,15.9094,17.0288,1340.055,3015.124,45.8042,1.1194,28.7754
Piculus_chrysochloros,XC1077885.mp3,3.4391,3.7266,796.96,7500.801,3.8045,0.2876,0.0779
Piculus_chrysochloros,XC118980.mp3,6.5079,7.5641,1096.409,8344.89,18.3404,1.0562,10.7763
Piculus_chrysochloros,XC119837.mp3,3.6812,4.103,1205.988,10337.042,4.1423,0.4218,0.0394
Piculus_chrysochloros,XC148937.mp3,21.151,21.5039,1279.144,9014.917,21.6985,0.3529,0.1946
Picumnus_albosquamatus,XC206241.mp3,0.8618,0.9108,5079.351,6358.495,0.9279,0.0491,0.0171
Picumnus_albosquamatus,XC1034563.mp3,11.6194,11.6663,5360.221,6639.365,11.6926,0.0468,0.0263
Picumnus_albosquamatus,XC147582.mp3,0.811,0.8685,6091.16,15106.077,0.8864,0.0575,0.0178
Picumnus_albosquamatus,XC119038.mp3,8.8276,8.8841,4954.143,12933.563,8.9029,0.0565,0.0188
Picumnus_albosquamatus,XC174555.mp3,1.5221,1.6013,6012.548,13931.056,1.6124,0.0792,0.0111
Picumnus_aurifrons,XC270909.mp3,3.8822,4.2646,7589.48,8990.447,4.3602,0.3824,0.0956
Picumnus_aurifrons,XC20031.mp3,4.1889,4.2082,279.962,2691.938,4.2749,0.0193,0.0667
Picumnus_aurifrons,XC3174.mp3,1.0679,1.0903,430.71,4953.166,1.1398,0.0224,0.0495
Picumnus_aurifrons,XC14929.mp3,1.2544,1.5271,6457.021,8179.862,1.8452,0.2727,0.3181
Picumnus_aurifrons,XC1044039.mp3,8.3707,8.4345,128.705,1213.505,8.8875,0.0638,0.453
Picumnus_cirratus,XC1956.mp3,0.6518,0.7258,6495.155,14170.017,0.7397,0.074,0.014
Picumnus_cirratus,XC17597.mp3,0.6524,0.6751,6228.601,13537.993,0.6819,0.0227,0.0068
Picumnus_cirratus,XC16274.mp3,0.8911,0.9592,4385.635,15958.84,0.9806,0.0681,0.0214
Picumnus_cirratus,XC1018385.mp3,14.8037,14.8208,6388.807,13705.005,14.8297,0.0171,0.009
Picumnus_cirratus,XC206913.mp3,1.1039,1.1296,6629.834,18828.729,1.1371,0.0257,0.0075
Pilherodius_pileatus,XC478228.mp3,3.9897,4.2061,204.587,678.368,4.5442,0.2164,0.3381
Pilherodius_pileatus,XC228071.mp3,0.9819,1.1982,182.735,578.66,1.5909,0.2163,0.3928
Pilherodius_pileatus,XC228070.mp3,14.683,14.9342,175.121,700.483,15.2392,0.2512,0.305
Pilherodius_pileatus,XC20929.mp3,3.4807,3.6272,308.265,607.463,3.8592,0.1465,0.2319
Pilherodius_pileatus,XC599253.mp3,13.224,13.3884,64.607,506.084,13.4352,0.1644,0.0468
Pionus_maximiliani,XC1009425.mp3,11.8055,11.9594,1949.171,7065.746,12.0032,0.1538,0.0438
Pionus_maximiliani,XC1017641.mp3,1.3542,1.4903,1249.059,5470.018,1.5738,0.1361,0.0835
Pionus_maximiliani,XC1071813.mp3,11.9579,12.1051,489.796,11510.204,12.1676,0.1472,0.0625
Pionus_maximiliani,XC1031987.mp3,14.5813,14.7206,1461.878,15958.84,14.8706,0.1393,0.15
Pionus_maximiliani,XC1045592.mp3,3.3643,3.4697,700.483,4568.37,3.5161,0.1054,0.0464
Pionus_menstruus,XC1006006.mp3,9.6829,9.8559,6632.935,10078.616,9.8991,0.173,0.0432
Pionus_menstruus,XC1008477.mp3,6.5445,6.8429,974.586,7674.862,7.181,0.2984,0.3382
Pionus_menstruus,XC1010051.mp3,6.4723,6.6909,1461.878,5603.867,7.0331,0.2186,0.3422
Pionus_menstruus,XC1025359.mp3,1.937,2.2479,1125.12,9657.282,2.6831,0.3109,0.4352
Pionus_menstruus,XC1035716.mp3,3.5175,3.7829,609.116,12304.144,4.4609,0.2654,0.678
Pipile_cujubi,XC129014.mp3,2.8449,3.6765,1591.16,2320.442,3.869,0.8316,0.1926
Pipile_cujubi,XC75708.mp3,0.9716,1.2648,861.42,3617.965,1.3739,0.2932,0.1091
Pipile_cujubi,XC7730.mp3,6.6321,7.4098,3228.315,4812.017,8.6412,0.7777,1.2314
Pipile_cujubi,XC108686.mp3,15.7981,16.2884,1378.272,2239.692,16.6255,0.4903,0.3371
Pipile_cujubi,XC147374.mp3,12.423,12.7063,1000.0,3588.235,12.9369,0.2833,0.2306
Pipile_cumanensis,XC206717.mp3,6.6783,6.9931,2489.016,4186.072,7.085,0.3148,0.0918
Pipile_cumanensis,XC128802.mp3,3.2494,3.2641,227.488,4720.379,3.3083,0.0147,0.0442
Pipile_cumanensis,XC122603.mp3,4.8499,5.0989,937.6,2812.8,5.8128,0.2489,0.714
Pipile_cumanensis,XC117337.mp3,2.7751,2.8032,17.532,1525.017,2.8569,0.0281,0.0537
Pipile_cumanensis,XC1086990.mp3,14.3813,14.4341,1949.171,13522.376,14.4737,0.0528,0.0396
Pipra_fasciicauda,XC109478.mp3,6.6545,7.1617,1378.272,12490.592,12.7715,0.5072,5.6098
Pipra_fasciicauda,XC118876.mp3,16.6023,17.0714,947.562,9561.764,24.8038,0.4691,7.7325
Pipra_fasciicauda,XC123093.mp3,28.1147,28.6697,1125.12,5016.161,28.7672,0.555,0.0975
Pipra_fasciicauda,XC174568.mp3,18.3072,18.7757,2436.464,4172.445,34.7917,0.4685,16.016
Pipra_fasciicauda,XC199903.mp3,14.2657,14.788,1157.32,5299.309,28.0548,0.5223,13.2667
Pipraeidea_melanonota,XC129912.mp3,2.1911,2.485,5238.398,8710.359,2.548,0.2939,0.063
Pipraeidea_melanonota,XC129917.mp3,16.2058,16.466,5664.779,8771.271,16.5386,0.2602,0.0726
Pipraeidea_melanonota,XC13876.mp3,3.1507,3.5124,2192.818,10720.442,3.5277,0.3616,0.0154
Pipraeidea_melanonota,XC13895.mp3,3.7728,3.8911,5685.373,9992.474,3.9258,0.1183,0.0348
Pipraeidea_melanonota,XC119345.mp3,4.6111,4.8581,6822.099,10598.619,4.8768,0.247,0.0187
Piranga_flava,XC1000576.mp3,2.4079,2.4682,3492.081,8480.769,9.1602,0.0603,6.692
Piranga_flava,XC108208.mp3,7.3016,7.6735,1888.26,10727.211,8.136,0.3719,0.4626
Piranga_flava,XC108209.mp3,2.7981,3.1,1888.26,3898.343,3.6368,0.302,0.5368
Piranga_flava,XC176451.mp3,4.0927,4.2401,2740.331,6099.448,4.3755,0.1474,0.1354
Piranga_flava,XC191755.mp3,4.0928,4.3731,2110.479,4307.101,4.7803,0.2804,0.4071
Pitangus_sulphuratus,XC1028832.mp3,3.215,3.5436,1583.702,9258.564,6.3462,0.3285,2.8026
Pitangus_sulphuratus,XC1000546.mp3,3.238,3.4489,1157.32,3228.315,5.5653,0.211,2.1164
Pitangus_sulphuratus,XC1001198.mp3,0.6265,0.7088,729.282,7624.309,0.9228,0.0823,0.214
Pitangus_sulphuratus,XC101231.mp3,2.2528,2.8929,795.58,8220.994,3.1145,0.6401,0.2216
Pitangus_sulphuratus,XC1029414.mp3,12.495,12.6581,2131.906,8771.271,12.6908,0.1631,0.0326
Platalea_ajaja,XC397346.mp3,2.4837,2.5545,86.142,1227.524,2.6445,0.0708,0.09
Platalea_ajaja,XC161507.mp3,13.6483,13.7901,210.96,2390.88,13.8344,0.1418,0.0442
Platalea_ajaja,XC173888.mp3,2.8731,3.0286,93.76,6656.961,3.1728,0.1555,0.1442
Platalea_ajaja,XC173890.mp3,2.6624,2.7551,135.957,3251.979,3.1627,0.0926,0.4076
Platalea_ajaja,XC328020.mp3,7.3777,7.4262,140.64,2226.8,7.8342,0.0485,0.4081
Platyrinchus_mystaceus,XC1010425.mp3,8.5676,8.6703,1591.16,16839.779,8.6908,0.1027,0.0205
Platyrinchus_mystaceus,XC1018796.mp3,1.8617,1.9514,2070.994,10233.149,1.9779,0.0898,0.0264
Platyrinchus_mystaceus,XC1018897.mp3,28.7686,28.8414,1325.967,13259.669,28.8505,0.0728,0.0091
Platyrinchus_mystaceus,XC1032558.mp3,2.7416,2.867,1705.525,12304.144,5.5575,0.1254,2.6905
Platyrinchus_mystaceus,XC1019100.mp3,7.9749,8.0646,1279.144,6152.072,22.9043,0.0897,14.8397
Plegadis_chihi,XC139826.mp3,1.5171,1.7382,198.895,2718.232,1.9482,0.2211,0.21
Plegadis_chihi,XC109188.mp3,1.7257,1.8896,375.04,5344.321,2.0352,0.1638,0.1456
Plegadis_chihi,XC109189.mp3,1.9751,2.1608,265.193,5171.271,2.2944,0.1856,0.1337
Plegadis_chihi,XC11843.mp3,17.9786,18.1704,913.674,9075.829,18.4476,0.1919,0.2771
Plegadis_chihi,XC134633.mp3,2.6766,2.796,609.116,4416.091,3.0189,0.1194,0.2229
Pluvialis_dominica,XC1046370.mp3,1.2318,1.3213,2618.785,4408.84,1.7706,0.0895,0.4493
Pluvialis_dominica,XC105648.mp3,1.5108,2.0144,1766.436,7126.657,2.8777,0.5036,0.8633
Pluvialis_dominica,XC108210.mp3,3.4062,3.5906,2619.199,4020.166,4.386,0.1844,0.7954
Pluvialis_dominica,XC108211.mp3,5.2856,5.5713,1705.525,7248.481,8.7819,0.2857,3.2107
Pluvialis_dominica,XC108213.mp3,13.7482,13.8418,1522.79,10050.414,13.8879,0.0936,0.0461
Pluvialis_squatarola,XC1019849.mp3,0.402,0.9886,2320.442,3049.724,7.2307,0.5867,6.2421
Pluvialis_squatarola,XC1019843.mp3,0.7408,1.286,1922.652,4640.884,5.2269,0.5452,3.9409
Pluvialis_squatarola,XC1019833.mp3,2.3945,2.7291,2088.398,3016.575,3.8181,0.3346,1.089
Pluvialis_squatarola,XC1019830.mp3,0.1659,0.7837,2320.442,8552.486,2.3208,0.6178,1.5371
Pluvialis_squatarola,XC1019818.mp3,9.6629,9.945,1875.2,6703.841,10.1829,0.282,0.238
Podiceps_major,XC117169.mp3,2.4834,2.5776,730.939,3715.608,3.2883,0.0942,0.7108
Podiceps_major,XC177948.mp3,1.4618,1.5256,646.065,3402.61,13.2348,0.0638,11.7092
Podiceps_major,XC211747.mp3,2.2984,2.5127,2314.641,3867.887,2.6359,0.2143,0.1231
Podiceps_major,XC211748.mp3,3.5418,3.7621,2497.376,4446.547,3.8364,0.2203,0.0744
Podiceps_major,XC894658.mp3,5.9765,6.0901,2062.72,3844.161,6.1637,0.1137,0.0736
Podilymbus_podiceps,XC1014814.mp3,3.6208,3.7102,563.536,3878.453,3.8053,0.0894,0.0951
Podilymbus_podiceps,XC1014813.mp3,1.1844,1.2618,629.834,1856.354,1.3725,0.0775,0.1107
Podilymbus_podiceps,XC1000252.mp3,2.4046,2.7192,530.387,4541.436,3.9575,0.3146,1.2383
Podilymbus_podiceps,XC1012811.mp3,1.3656,1.4461,801.388,1202.082,1.6071,0.0805,0.161
Podilymbus_podiceps,XC1012814.mp3,20.288,20.3358,703.2,1125.12,20.6373,0.0478,0.3015
Poecilotriccus_latirostris,XC1080168.mp3,8.3478,8.4151,1309.599,3076.036,8.7898,0.0673,0.3747
Poecilotriccus_latirostris,XC11979.mp3,5.6389,5.678,990.633,5814.586,5.7141,0.0391,0.0361
Poecilotriccus_latirostris,XC1000942.mp3,12.4729,12.5189,730.939,4355.18,19.7743,0.046,7.2554
Poecilotriccus_latirostris,XC1011713.mp3,9.7875,9.821,1193.37,4077.348,9.8411,0.0335,0.0201
Poecilotriccus_latirostris,XC1011798.mp3,0.9409,0.9673,961.326,2784.53,0.9881,0.0263,0.0208
Polioptila_dumicola,XC1019643.mp3,5.2724,5.3978,3289.227,3746.064,5.4572,0.1254,0.0594
Polioptila_dumicola,XC10287.mp3,8.8281,9.1065,1550.556,4307.101,9.2047,0.2784,0.0983
Polioptila_dumicola,XC1042947.mp3,8.1092,8.2001,3411.05,4568.37,8.3314,0.0909,0.1313
Polioptila_dumicola,XC1049880.mp3,1.2001,1.3803,2828.729,4198.895,1.4596,0.1802,0.0793
Polioptila_dumicola,XC1072699.mp3,0.6858,0.7733,3447.514,4077.348,0.8206,0.0875,0.0473
Polystictus_pectoralis,XC1003410.mp3,1.3966,1.496,3970.447,4914.577,1.5677,0.0994,0.0718
Polystictus_pectoralis,XC1003411.mp3,16.9262,16.9722,4004.45,4309.008,17.0594,0.0459,0.0872
Polystictus_pectoralis,XC502143.mp3,6.3969,6.437,3580.11,9414.365,6.8197,0.0401,0.3827
Polystictus_pectoralis,XC52084.mp3,4.2598,4.3191,2131.906,3776.519,4.3664,0.0592,0.0474
Polystictus_pectoralis,XC46376.mp3,4.8255,4.8692,1593.627,4737.811,5.1152,0.0437,0.246
Polytmus_guainumbi,XC1018912.mp3,1.628,1.6744,3182.32,9082.873,2.1215,0.0464,0.4471
Polytmus_guainumbi,XC13634.mp3,0.935,0.958,2756.544,12059.882,1.9673,0.0231,1.0093
Polytmus_guainumbi,XC148976.mp3,2.6578,2.6988,4510.82,10411.548,3.3414,0.041,0.6426
Polytmus_guainumbi,XC228540.mp3,0.9654,0.9872,2436.464,12669.613,2.0002,0.0217,1.013
Polytmus_guainumbi,XC437659.mp3,1.5274,1.5672,5360.221,14131.492,1.9298,0.0397,0.3626
Porphyrio_flavirostris,XC108237.mp3,5.7293,5.7733,387.639,2067.408,6.0157,0.0441,0.2423
Porphyrio_flavirostris,XC108236.mp3,4.5457,4.559,602.994,2411.976,4.5884,0.0133,0.0293
Porphyrio_flavirostris,XC108239.mp3,5.1986,5.2565,304.558,4568.37,5.6386,0.0579,0.3821
Porphyrio_flavirostris,XC108241.mp3,14.5528,14.6189,258.426,2670.402,14.8693,0.0662,0.2503
Porphyrio_flavirostris,XC22881.mp3,2.4881,2.8804,487.293,6091.16,4.4769,0.3923,1.5964
Porphyrio_martinica,XC143690.mp3,2.5719,2.5974,265.193,4309.392,2.9,0.0254,0.3026
Porphyrio_martinica,XC130986.mp3,12.825,13.1682,1096.409,13887.845,14.1294,0.3432,0.9611
Porphyrio_martinica,XC131141.mp3,6.6586,6.7568,331.492,4243.094,6.9847,0.0982,0.228
Porphyrio_martinica,XC113925.mp3,1.5111,1.5493,487.293,4812.017,2.2998,0.0383,0.7505
Porphyrio_martinica,XC123921.mp3,1.6027,1.6274,609.116,15106.077,1.7537,0.0247,0.1262
Porphyrospiza_caerulescens,XC336101.mp3,7.1273,8.0718,2670.402,8355.775,8.2289,0.9445,0.1571
Porphyrospiza_caerulescens,XC291805.mp3,8.9537,9.3205,2862.845,7735.773,9.5436,0.3668,0.2231
Porphyrospiza_caerulescens,XC11353.mp3,3.0848,3.3467,4141.989,15227.901,3.4201,0.262,0.0734
Porphyrospiza_caerulescens,XC158737.mp3,1.6258,1.8006,5701.657,7624.309,1.908,0.1748,0.1074
Porphyrospiza_caerulescens,XC158770.mp3,12.1231,13.2036,2850.829,7955.801,13.4007,1.0805,0.1971
Primolius_auricollis,XC1713.mp3,2.0387,2.2648,548.204,10476.796,2.4376,0.226,0.1729
Primolius_auricollis,XC115388.mp3,3.8457,4.0597,468.8,8813.441,4.2617,0.214,0.202
Primolius_auricollis,XC148970.mp3,1.6149,2.0862,344.568,13438.154,2.3219,0.4713,0.2357
Primolius_auricollis,XC148973.mp3,0.8369,1.3116,344.568,14385.716,2.3952,0.4747,1.0836
Primolius_auricollis,XC14976.mp3,18.6401,18.9644,426.381,8040.331,19.2681,0.3243,0.3037
Primolius_maracana,XC1009445,0.5381,0.7748,651.082,6682.159,0.9344,0.2367,0.1596
Primolius_maracana,XC1009446,0.2567,0.4832,565.413,6151.013,0.6216,0.2265,0.1384
Primolius_maracana,XC113193,0.6674,0.8594,1069.091,6681.818,1.1443,0.192,0.2849
Primolius_maracana,XC116400,1.0829,1.2765,843.956,16404.396,1.8541,0.1936,0.5776
Primolius_maracana,XC119041,0.2323,0.4436,678.462,2641.154,0.5597,0.2113,0.1161
Progne_chalybea,XC1000565,2.1657,2.3077,1666.049,4180.84,2.8173,0.142,0.5096
Progne_chalybea,XC100097,1.1015,1.2952,2261.654,12610.434,1.7712,0.1937,0.476
Progne_chalybea,XC1000563,0.7279,0.9706,2175.985,4763.18,1.6603,0.2427,0.6897
Progne_chalybea,XC1005810,2.3515,2.5272,2193.119,4626.11,3.3363,0.1757,0.8091
Progne_chalybea,XC1000555,2.7052,2.9553,2450.0,10031.757,4.2962,0.2501,1.3409
Progne_elegans,XC212764,5.7946,5.9934,1711.343,5693.507,6.8617,0.1988,0.8683
Progne_elegans,XC273178,0.2206,0.6949,1507.769,5311.46,1.0376,0.4743,0.3427
Progne_elegans,XC273177,1.749,1.9735,1199.362,4831.715,2.2742,0.2245,0.3007
Progne_elegans,XC273176,1.0505,1.2127,2229.231,3804.231,1.3637,0.1622,0.151
Progne_elegans,XC228615,2.3352,2.5358,1728.659,8105.488,2.6489,0.2006,0.1131
Progne_subis,XC1056019,2.2983,2.3818,2056.049,4197.767,4.3854,0.0835,2.0036
Progne_subis,XC1039951,1.0805,1.2259,2215.385,4008.791,1.9467,0.1454,0.7208
Progne_subis,XC103814,0.9976,1.3829,1970.38,4403.371,1.6222,0.3853,0.2393
Progne_subis,XC102207,2.0518,2.1528,1936.113,3992.162,2.224,0.101,0.0712
Progne_subis,XC1012825,0.4398,0.5762,1371.429,4167.033,0.6748,0.1364,0.0986
Progne_tapera,XC1076847,0.7646,0.8828,2883.462,9062.308,0.928,0.1182,0.0452
Progne_tapera,XC130482,1.4105,1.4905,376.942,6390.885,1.7135,0.08,0.223
Progne_tapera,XC1072697,0.2618,0.43,2787.879,4929.293,6.3178,0.1682,5.8878
Progne_tapera,XC118683,4.0545,4.2759,1720.385,6154.615,4.8419,0.2214,0.566
Progne_tapera,XC122628,13.7531,13.9214,1759.691,5889.577,14.1383,0.1683,0.2169
Psarocolius_decumanus,XC1004608,3.1038,4.7766,1671.923,4216.154,8.1205,1.6728,3.3439
Psarocolius_decumanus,XC101695,0.7517,0.831,814.154,18386.308,2.7244,0.0793,1.8934
Psarocolius_decumanus,XC1017209,1.1112,1.3932,863.209,8632.086,1.6206,0.282,0.2274
Psarocolius_decumanus,XC1032115,0.1586,0.2495,783.257,6713.629,0.4716,0.0909,0.2221
Psarocolius_decumanus,XC1048020,23.0927,23.2161,5960.769,13956.923,24.5115,0.1234,1.2954
Pseudastur_albicollis,XC257356,2.1995,2.4063,2931.923,3876.923,3.147,0.2068,0.7407
Pseudastur_albicollis,XC240199,1.2546,1.7464,3225.87,14132.382,3.2479,0.4918,1.5015
Pseudastur_albicollis,XC108541,0.5379,0.7845,2499.439,12167.516,1.9564,0.2466,1.1719
Pseudastur_albicollis,XC152572,3.4531,4.1489,2424.242,11757.576,8.5994,0.6958,4.4505
Pseudastur_albicollis,XC189677,1.608,1.7962,2083.029,15071.33,2.8939,0.1882,1.0977
Pseudocolopteryx_acutipennis,XC717342,8.0058,8.083,1370.699,10108.907,11.0096,0.0772,2.9266
Pseudocolopteryx_acutipennis,XC580866,1.7086,1.7448,4506.923,10031.538,4.4019,0.0362,2.6571
Pseudocolopteryx_acutipennis,XC46371,4.6818,4.7074,4626.11,11925.084,5.0363,0.0256,0.3289
Pseudocolopteryx_acutipennis,XC17419,0.2052,0.2943,629.968,8452.069,0.7046,0.0891,0.4103
Pseudocolopteryx_acutipennis,XC46372,2.4572,2.5162,637.397,10835.744,6.1843,0.059,3.6681
Pseudocolopteryx_flaviventris,XC107521,1.0316,1.0778,1720.385,5888.077,1.4913,0.0462,0.4135
Pseudocolopteryx_flaviventris,XC108249,0.3371,0.3912,3700.888,7161.904,0.8406,0.0541,0.4494
Pseudocolopteryx_flaviventris,XC22309,13.8882,13.9442,1635.165,6830.769,17.2474,0.056,3.3032
Pseudocolopteryx_flaviventris,XC57677,5.247,5.3228,1300.177,7399.789,5.8154,0.0758,0.4926
Pseudocolopteryx_flaviventris,XC50220,0.2086,0.231,1369.347,4880.494,0.9195,0.0224,0.6885
Pseudocolopteryx_sclateri,XC154341,1.1211,1.1712,1679.107,8429.801,9.3683,0.0501,8.1971
Pseudocolopteryx_sclateri,XC24003,0.5455,0.5646,4404.396,6540.659,0.9259,0.0191,0.3613
Pseudocolopteryx_sclateri,XC423036,1.676,1.718,6410.588,12713.885,17.9147,0.042,16.1967
Pseudocolopteryx_sclateri,XC46374,4.4422,4.6375,5879.145,11268.363,4.7351,0.1953,0.0976
Pseudocolopteryx_sclateri,XC857175,9.7387,9.8228,5674.925,12321.079,10.3656,0.0841,0.5428
Pseudoleistes_guirahuro,XC102742,3.8349,4.1316,2467.259,2964.137,6.6043,0.2967,2.4727
Pseudoleistes_guirahuro,XC1012158,2.0491,2.0863,1080.152,4246.115,2.2119,0.0372,0.1256
Pseudoleistes_guirahuro,XC1012160,0.6215,1.0036,920.769,9013.846,1.4916,0.3821,0.488
Pseudoleistes_guirahuro,XC108257,3.8966,4.2667,2398.846,4652.308,7.4611,0.3701,3.1944
Pseudoleistes_guirahuro,XC108647,12.1105,12.4573,2762.308,9183.462,13.3119,0.3468,0.8546
Pseudoseisura_unirufa,XC111518,3.5986,3.6711,1582.418,20202.198,3.8126,0.0725,0.1415
Pseudoseisura_unirufa,XC1024876,4.5721,4.6456,1817.308,3634.615,4.7726,0.0735,0.127
Pseudoseisura_unirufa,XC1061044,1.5697,1.6377,1850.444,13809.795,1.8027,0.068,0.165
Pseudoseisura_unirufa,XC1063886,5.175,5.2369,1747.642,14906.355,5.4093,0.0619,0.1724
Pseudoseisura_unirufa,XC1063975,1.4147,1.6934,1260.0,12309.231,2.3706,0.2787,0.6772
Psittacara_leucophthalmus,XC1030255,8.1098,8.2293,612.363,6783.098,8.3102,0.1195,0.0809
Psittacara_leucophthalmus,XC102917,0.4613,0.5809,2227.386,7607.381,0.7574,0.1196,0.1765
Psittacara_leucophthalmus,XC1023136,1.6458,2.1599,1248.352,7120.879,3.196,0.5141,1.0361
Psittacara_leucophthalmus,XC1041187,0.8655,1.0294,1041.923,6954.231,1.1409,0.1639,0.1115
Psittacara_leucophthalmus,XC1003130,1.0083,1.1209,921.677,8448.707,1.3078,0.1126,0.1869
Pteroglossus_bitorquatus,XC228715,2.4095,2.766,1011.066,7104.07,3.3601,0.3565,0.5941
Pteroglossus_bitorquatus,XC119262,1.3038,1.3537,1370.699,2570.061,3.0163,0.0499,1.6626
Pteroglossus_bitorquatus,XC121162,3.4973,3.6275,536.17,7238.298,4.0138,0.1302,0.3863
Pteroglossus_bitorquatus,XC130079,0.8586,0.9041,890.208,10540.059,1.268,0.0455,0.3639
Pteroglossus_bitorquatus,XC14905,1.9665,2.307,809.959,14781.746,3.065,0.3405,0.758
Pteroglossus_castanotis,XC123111,1.5576,2.0957,3112.088,5406.593,2.8036,0.5381,0.7079
Pteroglossus_castanotis,XC110155,1.5425,2.3001,3375.824,8123.077,4.5185,0.7576,2.2184
Pteroglossus_castanotis,XC1050463,3.3014,3.8345,1502.308,8408.077,6.4327,0.5331,2.5982
Pteroglossus_castanotis,XC100819,8.0247,8.5331,1356.923,7366.154,14.8107,0.5084,6.2776
Pteroglossus_castanotis,XC1018647,1.9819,2.3899,833.333,10500.0,2.8934,0.408,0.5035
Pteroglossus_inscriptus,XC27592,0.6935,0.8966,627.53,3306.6,1.1918,0.2031,0.2952
Pteroglossus_inscriptus,XC129937,2.7696,2.8237,640.95,11038.576,6.7959,0.0541,3.9722
Pteroglossus_inscriptus,XC178508,0.7378,0.9162,719.617,10177.442,1.282,0.1784,0.3658
Pteroglossus_inscriptus,XC228721,0.5512,0.6615,559.469,2598.423,0.9441,0.1103,0.2826
Pteroglossus_inscriptus,XC228722,0.8403,0.8919,559.469,4600.079,1.2742,0.0516,0.3823
Pulsatrix_perspicillata,XC1034703,2.3155,2.3632,154.68,685.746,2.4516,0.0477,0.0884
Pulsatrix_perspicillata,XC1059998,1.7349,1.807,103.393,806.467,2.0217,0.0721,0.2147
Pulsatrix_perspicillata,XC1034698,1.24,1.3186,171.967,619.082,1.4272,0.0786,0.1086
Pulsatrix_perspicillata,XC1004506,2.9289,3.0146,214.172,445.477,3.1002,0.0857,0.0856
Pulsatrix_perspicillata,XC10096,4.5748,4.9392,708.661,1156.236,5.863,0.3644,0.9238
Pygochelidon_cyanoleuca,XC106131,0.2086,0.4776,4943.077,6808.846,1.1193,0.269,0.6417
Pygochelidon_cyanoleuca,XC1016007,5.1681,7.3749,3527.449,7239.76,8.6305,2.2068,1.2556
Pygochelidon_cyanoleuca,XC103481,7.7649,9.4213,3373.802,7514.377,9.6481,1.6564,0.2268
Pygochelidon_cyanoleuca,XC106217,0.8721,2.493,4274.43,8567.083,5.3179,1.6209,2.8249
Pygochelidon_cyanoleuca,XC1053055,12.5796,12.7133,4540.441,7453.177,14.5859,0.1337,1.8726
Pyriglena_maura,XC1002832,1.3115,1.8299,1671.923,2919.808,3.241,0.5184,1.4111
Pyriglena_maura,XC1002839,5.7052,5.734,1707.008,5717.2,7.4595,0.0288,1.7255
Pyriglena_maura,XC1002828,1.2657,3.6943,1187.308,2641.154,12.4754,2.4286,8.7811
Pyriglena_maura,XC1002826,1.1012,1.1658,1846.552,10481.897,1.2329,0.0646,0.0671
Pyriglena_maura,XC1002843,2.8007,4.789,1838.323,2689.399,12.7151,1.9883,7.9261
Pyrocephalus_rubinus,XC106455,0.9978,1.2052,2056.049,4934.517,1.4225,0.2074,0.2173
Pyrocephalus_rubinus,XC197519,1.1367,1.2601,2835.0,5209.615,4.2108,0.1234,2.9507
Pyrocephalus_rubinus,XC212071,1.0182,1.0595,3778.421,5121.147,5.8015,0.0413,4.742
Pyrocephalus_rubinus,XC29069,4.8571,5.6276,2762.308,16961.538,6.3698,0.7705,0.7422
Pyrocephalus_rubinus,XC426212,0.4501,0.5367,3306.812,5345.727,2.3054,0.0866,1.7687
Pyrrhura_devillei,XC556545,6.5501,7.1428,2050.135,12699.448,13.5114,0.5927,6.3686
Pyrrhura_devillei,XC844010,0.0875,1.6028,2051.387,9697.464,2.2009,1.5153,0.5981
Pyrrhura_devillei,XC85366,3.7098,3.9523,2172.414,12165.517,5.6968,0.2425,1.7445
Pyrrhura_devillei,XC85367,0.7333,0.9388,1360.024,8597.295,1.0339,0.2055,0.0951
Pyrrhura_devillei,XC85369,0.479,1.916,1535.778,3682.462,2.0184,1.437,0.1024
Pyrrhura_frontalis,XC144477,0.4038,2.7673,2213.552,8300.819,3.6684,2.3635,0.9011
Pyrrhura_frontalis,XC138558,9.4832,12.9425,1884.615,5748.077,13.075,3.4593,0.1325
Pyrrhura_frontalis,XC127180,2.9104,3.3671,1918.979,14940.622,3.483,0.4567,0.1159
Pyrrhura_frontalis,XC119363,2.4581,2.7164,1953.247,11342.537,3.4066,0.2583,0.6902
Pyrrhura_frontalis,XC1059982,0.7224,1.0467,1529.216,9660.166,1.4237,0.3243,0.377
Pyrrhura_molinae,XC14579,4.068,4.5291,2259.667,12970.49,4.6917,0.4611,0.1626
Pyrrhura_molinae,XC139291,1.4301,1.6802,2480.313,3692.496,2.4953,0.2501,0.8151
Pyrrhura_molinae,XC139290,1.4523,1.6729,2275.174,3636.549,2.4968,0.2206,0.8239
Pyrrhura_molinae,XC143339,13.0422,13.2657,2405.717,2760.048,13.6542,0.2235,0.3885
Pyrrhura_molinae,XC143340,1.4956,1.7013,1081.64,11636.957,1.9443,0.2057,0.243
Ramphastos_toco,XC1044399,0.7038,0.8869,501.099,10971.429,2.1114,0.1831,1.2245
Ramphastos_toco,XC1034552,0.154,0.3382,1120.574,3795.492,0.7998,0.1842,0.4616
Ramphastos_toco,XC1050630,5.202,5.6049,1169.378,1778.429,6.0167,0.4029,0.4118
Ramphastos_toco,XC1050631,4.6302,5.0138,1093.663,4150.31,6.4973,0.3836,1.4835
Ramphastos_toco,XC1064767,2.1629,2.3648,1285.031,3718.022,4.0605,0.2019,1.6957
Ramphastos_vitellinus,XC1008492,0.5502,1.1495,1594.811,2253.538,1.8235,0.5993,0.674
Ramphastos_vitellinus,XC1034515,1.1227,1.4873,1187.308,3780.0,2.8031,0.3646,1.3158
Ramphastos_vitellinus,XC1035585,2.2029,2.6001,1673.712,2426.114,3.7915,0.3972,1.1914
Ramphastos_vitellinus,XC1035761,0.3771,0.6136,1781.909,2484.392,1.7469,0.2365,1.1333
Ramphastos_vitellinus,XC1037398,1.1595,1.3898,1726.769,2158.461,2.0201,0.2303,0.6303
Ramphocelus_carbo,XC1033063,0.2763,0.4315,1781.909,13638.458,1.0244,0.1552,0.5929
Ramphocelus_carbo,XC1008486,10.6398,11.0377,2520.0,4531.154,11.5211,0.3979,0.4834
Ramphocelus_carbo,XC100711,5.9813,6.0716,2020.305,6993.364,7.0745,0.0903,1.0029
Ramphocelus_carbo,XC100487,0.7395,1.1111,2031.471,14950.312,1.9213,0.3716,0.8102
Ramphocelus_carbo,XC100734,0.6296,1.334,1907.439,11215.744,4.1215,0.7044,2.7875
Rhea_americana,XC108649,4.7766,5.7513,25.701,231.306,11.4359,0.9747,5.6846
Rhea_americana,XC201498,5.5643,7.2958,1562.885,2350.385,11.4031,1.7315,4.1073
Rhea_americana,XC229053,2.6256,3.6033,62.422,249.689,14.5496,0.9777,10.9463
Rhea_americana,XC45555,3.1156,4.0705,36.056,260.402,15.8829,0.9549,11.8124
Rhea_americana,XC482438,2.095,3.0658,21.575,258.903,12.9818,0.9708,9.916
Rhynchotus_rufescens,XC186855,1.3414,1.7015,2038.915,2381.59,1.8694,0.3601,0.1679
Rhynchotus_rufescens,XC178362,2.7195,3.0819,1782.375,2223.375,3.2799,0.3624,0.198
Rhynchotus_rufescens,XC18508,1.0228,1.237,1567.644,15506.967,2.0501,0.2142,0.8131
Rhynchotus_rufescens,XC1012161,0.4479,0.8099,1901.845,2621.462,0.982,0.362,0.1721
Rhynchotus_rufescens,XC173419,2.0118,2.3674,1878.076,2191.088,2.558,0.3556,0.1906
Rhytipterna_simplex,XC1017677,1.4581,1.6011,2094.459,5119.789,1.8524,0.143,0.2513
Rhytipterna_simplex,XC1035075,0.9438,1.0473,1751.877,2124.151,1.1824,0.1035,0.1351
Rhytipterna_simplex,XC1035076,2.4262,2.469,1362.382,1967.885,2.5598,0.0428,0.0908
Rhytipterna_simplex,XC1035566,4.6283,4.6652,1405.872,1794.337,4.7291,0.0369,0.0639
Rhytipterna_simplex,XC1035567,2.9386,3.1711,2130.866,3716.023,3.3628,0.2325,0.1917
Riparia_riparia,XC1016021,0.8319,1.0694,2650.131,6151.221,1.1167,0.2375,0.0473
Riparia_riparia,XC1010747,2.3234,2.4747,2883.462,7172.308,2.5242,0.1513,0.0495
Riparia_riparia,XC1015812,0.2911,0.3777,2568.462,5597.308,0.4282,0.0866,0.0505
Riparia_riparia,XC1001819,1.6949,1.8326,1529.216,13688.344,1.9378,0.1377,0.1052
Riparia_riparia,XC1001844,3.1052,3.1591,1081.319,8835.165,3.2019,0.0539,0.0428
Rollandia_rolland,XC23338,4.3177,4.3678,359.809,3221.143,4.9577,0.0501,0.5899
Rollandia_rolland,XC450107,2.5188,2.6548,508.846,4216.154,3.5282,0.136,0.8734
Rollandia_rolland,XC45664,4.9219,5.0548,561.595,1773.458,6.0606,0.1329,1.0058
Rollandia_rolland,XC51141,1.2227,1.3575,725.196,1670.54,2.2261,0.1348,0.8686
Rollandia_rolland,XC51142,1.2557,1.5037,315.72,4517.223,9.5767,0.248,8.073
Rostrhamus_sociabilis,XC186799,0.3415,0.8354,1793.077,5500.385,1.6322,0.4939,0.7968
Rostrhamus_sociabilis,XC1087881,13.1631,13.6505,1022.407,9406.143,14.9166,0.4874,1.2661
Rostrhamus_sociabilis,XC119881,1.8117,2.3554,1267.897,3820.824,13.7325,0.5437,11.3771
Rostrhamus_sociabilis,XC144346,1.9881,2.0692,1020.107,7690.036,2.1075,0.0811,0.0383
Rostrhamus_sociabilis,XC203030,2.0401,2.117,1502.308,7196.538,2.205,0.0769,0.088
Rufirallus_viridis,XC11359,1.3959,1.5455,2181.774,11547.44,1.5909,0.1496,0.0454
Rufirallus_viridis,XC10796,0.2728,0.3173,1720.824,4223.84,0.3486,0.0445,0.0313
Rufirallus_viridis,XC1047704,5.1779,5.2313,1753.003,8019.057,5.4146,0.0534,0.1833
Rufirallus_viridis,XC103490,0.9394,1.0029,3043.353,3559.176,1.0263,0.0635,0.0234
Rufirallus_viridis,XC1019046,9.0656,9.4988,1509.434,4905.66,9.7153,0.4332,0.2165
Rupornis_magnirostris,XC100169,2.501,4.2238,2536.102,3311.022,5.2107,1.7228,0.9869
Rupornis_magnirostris,XC1007622,0.3317,0.4928,2568.462,9934.615,16.1472,0.1611,15.6544
Rupornis_magnirostris,XC1009799,1.7088,3.0808,827.528,7737.418,12.8844,1.372,9.8036
Rupornis_magnirostris,XC1018315,1.1585,2.1441,994.612,8155.816,7.6929,0.9856,5.5488
Rupornis_magnirostris,XC101976,1.4354,2.2706,896.949,4148.39,15.8961,0.8352,13.6255
Rynchops_niger,XC11804,5.3476,5.5139,295.111,15099.853,5.6636,0.1663,0.1497
Rynchops_niger,XC105384,0.1555,0.5604,1773.738,7999.211,0.663,0.4049,0.1026
Rynchops_niger,XC119463,1.4808,1.6309,1073.864,5047.159,2.44,0.1501,0.8091
Rynchops_niger,XC1027045,6.4121,6.6591,413.793,4303.448,7.0467,0.247,0.3876
Rynchops_niger,XC1032527,0.3837,0.4921,671.363,7963.11,0.7215,0.1084,0.2294
Saltator_aurantiirostris,XC10046,0.8426,1.1586,1610.572,12130.689,1.2832,0.316,0.1246
Saltator_aurantiirostris,XC100807,4.8832,5.1512,2008.747,15448.223,5.2072,0.268,0.056
Saltator_aurantiirostris,XC1038784,1.5129,1.6497,1513.196,6897.361,1.7695,0.1368,0.1198
Saltator_aurantiirostris,XC1065360,2.3216,2.4975,2536.26,8056.355,2.6216,0.1759,0.1241
Saltator_aurantiirostris,XC118722,2.767,2.9176,1793.077,9304.615,3.0915,0.1506,0.1739
Saltator_coerulescens,XC1017665,0.3916,0.4705,3934.13,5309.868,0.6426,0.0789,0.1721
Saltator_coerulescens,XC1030202,2.333,2.4008,2192.291,10675.504,2.5143,0.0678,0.1135
Saltator_coerulescens,XC1030206,2.422,2.4926,971.014,3606.622,2.5892,0.0706,0.0966
Saltator_coerulescens,XC1030223,3.3473,3.4344,872.812,7533.75,3.4686,0.0871,0.0342
Saltator_coerulescens,XC1050446,3.9559,4.0919,1620.92,3010.28,4.1651,0.136,0.0732
Saltator_maximus,XC1012086,12.0066,12.3124,2046.752,8886.313,12.3404,0.3058,0.028
Saltator_maximus,XC1011498,1.7287,2.4011,1819.78,5907.692,2.5755,0.6724,0.1744
Saltator_maximus,XC1003008,1.2625,1.7735,1914.231,2956.154,2.5829,0.511,0.8094
Saltator_maximus,XC1009379,3.1726,3.7431,2520.0,3586.154,4.4854,0.5705,0.7423
Saltator_maximus,XC1010717,1.3434,2.7923,1559.17,3495.283,5.1986,1.4489,2.4063
Saltator_similis,XC111234,1.5409,1.8525,1986.923,19626.923,1.9998,0.3116,0.1473
Saltator_similis,XC110612,1.8216,1.9868,5520.095,13352.663,5.7512,0.1652,3.7644
Saltator_similis,XC11822,3.124,3.3619,2059.615,3271.154,3.5046,0.2379,0.1427
Saltator_similis,XC10281,1.1567,1.3167,1966.313,3932.626,1.422,0.16,0.1053
Saltator_similis,XC1053008,9.923,10.1659,1762.541,15320.544,10.2404,0.2429,0.0745
Saltatricula_atricollis,XC1034553,6.2233,6.3665,3634.615,5476.154,7.6525,0.1432,1.286
Saltatricula_atricollis,XC1090345,2.2826,2.4575,2981.271,7144.77,2.5833,0.1749,0.1258
Saltatricula_atricollis,XC109497,1.5588,1.7162,2326.154,21420.0,1.954,0.1574,0.2378
Saltatricula_atricollis,XC125819,1.0478,1.1207,2861.335,5756.937,1.239,0.0729,0.1183
Saltatricula_atricollis,XC119024,3.8362,4.7318,1696.154,5573.077,4.8962,0.8956,0.1644
Saltatricula_multicolor,XC108283,0.4717,0.5015,2638.596,12370.561,0.5593,0.0298,0.0578
Saltatricula_multicolor,XC145298,0.3066,0.3401,2568.462,7656.923,0.4258,0.0335,0.0857
Saltatricula_multicolor,XC145456,2.4848,2.5081,2665.385,7923.462,2.5626,0.0233,0.0545
Saltatricula_multicolor,XC272911,0.934,1.0591,2518.66,4146.365,1.0799,0.1251,0.0208
Saltatricula_multicolor,XC272912,1.0889,1.2361,2415.858,3940.76,1.2689,0.1472,0.0328
Sarcoramphus_papa,XC488986,13.9781,14.0953,2080.859,4855.338,17.3117,0.1172,3.2164
Sarcoramphus_papa,XC488987,0.789,1.0286,1409.32,4345.404,1.1088,0.2396,0.0802
Sarkidiornis_sylvicola,XC813102,1.6508,1.7859,683.274,3672.598,0.0,0.1351,-1.7859
Sarkidiornis_sylvicola,XC33195,0.811,0.9797,828.795,5335.367,3.6771,0.1687,2.6974
Sarkidiornis_sylvicola,XC257277,1.7711,1.937,1049.871,5160.005,2.4166,0.1659,0.4796
Sarkidiornis_sylvicola,XC218726,1.4828,1.6731,903.689,5494.426,2.5732,0.1903,0.9001
Satrapa_icterophrys,XC173975,0.2556,0.404,2229.302,3761.947,4.7945,0.1484,4.3905
Satrapa_icterophrys,XC46709,3.4471,3.6173,2279.186,4247.574,7.8614,0.1702,4.2441
Satrapa_icterophrys,XC503729,0.671,0.8205,2125.301,4339.157,4.2583,0.1495,3.4378
Satrapa_icterophrys,XC53572,1.3087,1.4219,2330.433,3717.595,5.2294,0.1132,3.8075
Satrapa_icterophrys,XC737049,0.8728,1.1277,2009.852,4788.177,2.6945,0.2549,1.5668
Schistochlamys_melanopis,XC129363,2.1021,2.2414,2059.615,3489.231,2.4521,0.1393,0.2107
Schistochlamys_melanopis,XC1050173,2.7489,3.091,2234.134,3564.427,3.21,0.3421,0.119
Schistochlamys_melanopis,XC127615,6.2233,6.5317,2827.447,12319.54,8.8156,0.3084,2.2839
Schistochlamys_melanopis,XC139208,2.8633,3.2109,2139.179,3455.597,3.4739,0.3476,0.263
Schistochlamys_melanopis,XC171182,1.5932,1.6875,1264.887,11542.091,5.3707,0.0943,3.6832
Schistochlamys_ruficapillus,XC173364,2.0724,2.487,2011.579,3520.263,2.5748,0.4146,0.0878
Schistochlamys_ruficapillus,XC173362,0.8825,0.9598,2036.468,14318.912,3.133,0.0773,2.1732
Schistochlamys_ruficapillus,XC171031,1.6761,1.8105,4907.463,7773.134,4.4708,0.1344,2.6603
Schistochlamys_ruficapillus,XC13210,1.147,1.2269,1143.06,9476.338,4.0786,0.0799,2.8517
Schistochlamys_ruficapillus,XC114942,4.379,4.654,2056.049,3272.545,4.8612,0.275,0.2072
Schoeniophylax_phryganophilus,XC24125,3.0077,3.1128,3685.411,7058.499,3.3739,0.1051,0.2611
Schoeniophylax_phryganophilus,XC20604,0.8425,0.9781,1245.546,5111.928,1.0518,0.1356,0.0737
Schoeniophylax_phryganophilus,XC158776,3.8881,3.9091,901.024,7290.102,3.9417,0.021,0.0326
Schoeniophylax_phryganophilus,XC184675,0.3265,0.5321,1167.353,6052.941,0.5761,0.2056,0.044
Schoeniophylax_phryganophilus,XC20603,4.5764,4.6875,998.268,5379.557,4.7455,0.1111,0.058
Serpophaga_griseicapilla,XC1016893,0.2685,0.3868,3901.154,10952.308,0.4998,0.1183,0.113
Serpophaga_griseicapilla,XC108285,1.2085,1.3332,4146.365,10280.245,1.4228,0.1247,0.0896
Serpophaga_griseicapilla,XC15422,0.9319,0.95,3780.0,9625.0,0.9631,0.0181,0.0131
Serpophaga_griseicapilla,XC15423,5.1014,5.2157,3714.991,14240.799,5.3368,0.1143,0.1211
Serpophaga_griseicapilla,XC273220,1.4958,1.6072,3735.156,5962.542,1.655,0.1114,0.0478
Serpophaga_nigricans,XC176471,0.3675,0.5094,3611.285,6996.865,2.4883,0.1419,1.9789
Serpophaga_nigricans,XC173886,8.852,8.8886,3495.283,7059.101,9.0074,0.0366,0.1188
Serpophaga_nigricans,XC17933,1.0267,1.063,1596.949,6673.817,3.2388,0.0363,2.1758
Serpophaga_nigricans,XC1037131,0.7394,0.8549,4012.862,8758.842,2.2606,0.1155,1.4057
Serpophaga_nigricans,XC119371,0.4001,0.4413,2277.692,7196.538,0.9007,0.0412,0.4594
Serpophaga_subcristata,XC15371,1.446,1.4692,2544.231,7170.105,1.546,0.0232,0.0768
Serpophaga_subcristata,XC148698,1.2854,1.3153,3506.785,12624.425,1.3459,0.0299,0.0306
Serpophaga_subcristata,XC1027372,0.6875,0.718,3271.154,6130.385,0.7579,0.0305,0.0399
Serpophaga_subcristata,XC115575,2.5544,2.5889,3055.435,13165.33,2.6078,0.0345,0.0189
Serpophaga_subcristata,XC118650,1.0215,1.1607,5936.538,10564.615,1.2855,0.1392,0.1248
Setopagis_parvula,XC1027560,1.5642,2.0045,883.537,2881.098,2.021,0.4403,0.0165
Setopagis_parvula,XC1027561,1.8415,2.1059,1229.455,2800.518,2.1806,0.2644,0.0747
Setopagis_parvula,XC1034701,0.3119,0.6263,1387.833,2689.997,0.6993,0.3144,0.073
Setopagis_parvula,XC1064784,0.8109,1.1249,1381.154,2701.731,1.2038,0.314,0.0789
Setopagis_parvula,XC1069965,1.9973,2.2575,1265.934,2848.352,2.3476,0.2602,0.0901
Setophaga_pitiayumi,XC1002705,2.3922,4.1978,6086.666,9993.159,4.4686,1.8056,0.2708
Setophaga_pitiayumi,XC1004388,4.0963,6.24,3150.0,7899.231,6.9605,2.1437,0.7205
Setophaga_pitiayumi,XC1004389,1.2912,3.4159,3440.769,8068.846,16.7464,2.1247,13.3305
Setophaga_pitiayumi,XC1011136,0.4365,2.2945,3982.418,6883.516,10.4795,1.858,8.185
Setophaga_pitiayumi,XC1011473,1.7059,3.5978,3181.208,8778.523,8.1321,1.8919,4.5343
Sicalis_citrina,XC164934,0.4931,0.7111,3428.571,9257.143,0.7734,0.218,0.0623
Sicalis_citrina,XC1572,1.0584,1.0969,3515.217,8308.696,1.1408,0.0385,0.0439
Sicalis_citrina,XC15355,1.8335,1.9723,3062.5,7996.528,2.0383,0.1388,0.066
Sicalis_citrina,XC122863,2.4678,2.5731,3916.284,7198.502,2.623,0.1053,0.0499
Sicalis_citrina,XC1571,1.0175,2.6689,3266.667,9963.333,2.7332,1.6514,0.0643
Sicalis_flaveola,XC1000551,1.6479,1.7389,4628.077,6615.0,1.862,0.091,0.1231
Sicalis_flaveola,XC1006617,2.0161,2.1102,2765.0,6580.0,5.597,0.0941,3.4868
Sicalis_flaveola,XC1015925,2.4552,2.5121,2981.271,11650.944,2.6165,0.0569,0.1044
Sicalis_flaveola,XC1017275,0.2395,0.3312,4933.84,5877.97,0.3871,0.0917,0.0559
Sicalis_flaveola,XC1018580,0.727,0.9289,5010.989,12079.121,1.2056,0.2019,0.2767
Sicalis_luteola,XC1048342,3.9438,4.0283,2690.11,11129.67,4.0632,0.0845,0.0349
Sicalis_luteola,XC1018928,1.1014,1.2047,3150.0,11533.846,1.2305,0.1033,0.0258
Sicalis_luteola,XC1018936,1.0021,1.0363,4603.846,8916.923,1.1357,0.0342,0.0994
Sicalis_luteola,XC1039559,2.6011,2.6726,3394.113,8727.718,2.7003,0.0715,0.0277
Sicalis_luteola,XC1071214,9.9536,9.9726,3660.973,10393.798,10.0724,0.019,0.0998
Sirystes_sibilator,XC1035118,0.5351,0.6454,2168.852,2741.189,0.7266,0.1103,0.0812
Sirystes_sibilator,XC1034726,0.425,0.5788,2515.522,2900.782,0.6103,0.1538,0.0315
Sirystes_sibilator,XC1050595,4.8348,4.9535,2016.449,2802.078,5.0232,0.1187,0.0697
Sirystes_sibilator,XC1006073,1.3888,1.5119,2210.764,3083.434,1.5888,0.1231,0.0769
Sirystes_sibilator,XC1006638,0.7881,0.857,1792.774,5161.017,0.9173,0.0689,0.0603
Sittasomus_griseicapillus,XC1034180,1.9634,2.1745,3282.219,12681.3,2.334,0.2111,0.1595
Sittasomus_griseicapillus,XC104286,0.2917,0.4271,3683.077,3998.077,0.6719,0.1354,0.2448
Sittasomus_griseicapillus,XC1050518,5.3507,5.6686,2584.958,7007.415,6.3194,0.3179,0.6508
Sittasomus_griseicapillus,XC1050522,3.3469,3.5532,3925.385,7947.692,4.9117,0.2063,1.3585
Sittasomus_griseicapillus,XC1031800,0.6548,0.7395,1451.95,4110.134,0.971,0.0847,0.2315
Spatula_platalea,XC998547,3.1663,3.2039,531.496,3496.682,3.3121,0.0376,0.1082
Spatula_platalea,XC44468,1.7351,1.7976,342.926,4869.55,1.871,0.0625,0.0734
Spatula_platalea,XC47078,1.4807,1.8095,357.568,4514.291,2.1128,0.3288,0.3033
Spatula_platalea,XC51957,3.1852,3.2021,2254.453,3752.573,3.4484,0.0169,0.2463
Spatula_platalea,XC521702,2.2376,2.2771,752.351,7974.922,2.4148,0.0395,0.1377
Spatula_versicolor,XC15273,0.4075,0.6213,993.757,3289.678,1.0372,0.2138,0.4159
Spatula_versicolor,XC22286,0.7058,1.03,843.089,5276.104,1.4543,0.3242,0.4243
Spatula_versicolor,XC37919,0.3608,0.5418,876.898,4315.716,1.087,0.181,0.5452
Spatula_versicolor,XC50346,4.7656,4.9553,2422.283,3313.237,5.1387,0.1897,0.1834
Spatula_versicolor,XC95160,19.8819,19.9647,1502.308,4264.615,21.3422,0.0828,1.3775
Spinus_magellanicus,XC1019024,1.4131,1.5429,3901.154,6081.923,1.6706,0.1298,0.1277
Spinus_magellanicus,XC1007839,2.3492,2.4677,3125.769,8432.308,2.5495,0.1185,0.0818
Spinus_magellanicus,XC1011785,2.7548,2.7903,5334.677,7888.856,2.8983,0.0355,0.108
Spinus_magellanicus,XC1011787,6.1796,6.2828,2373.654,6215.227,6.3332,0.1032,0.0504
Spinus_magellanicus,XC1011788,2.8622,3.0349,2615.541,8078.378,5.3487,0.1727,2.3138
Spizaetus_melanoleucus,XC125991,3.9602,4.3006,1389.706,9511.765,5.5309,0.3404,1.2303
Spizaetus_melanoleucus,XC277179,1.6156,2.007,2059.615,4676.538,2.4814,0.3914,0.4744
Spizaetus_melanoleucus,XC277180,1.6056,1.944,2004.648,4728.913,2.4681,0.3384,0.5241
Spizaetus_melanoleucus,XC33254,2.3918,2.5405,2491.712,3749.904,2.9393,0.1487,0.3988
Spizaetus_melanoleucus,XC111828,3.42,3.9663,1974.194,8941.935,4.2542,0.5463,0.2879
Spizaetus_ornatus,XC1046520,2.5327,2.6577,1453.846,2023.269,2.8468,0.125,0.1891
Spizaetus_ornatus,XC1018791,12.8988,13.3719,1730.508,2809.934,13.9245,0.4731,0.5526
Spizaetus_ornatus,XC1059173,1.2778,1.4674,2421.104,2632.459,2.8893,0.1896,1.4219
Spizaetus_ornatus,XC117330,2.023,2.1958,1502.308,2217.115,2.3992,0.1728,0.2034
Spizaetus_ornatus,XC1013667,0.5008,0.6405,1644.839,2467.259,0.8074,0.1397,0.1669
Spizaetus_tyrannus,XC1053927,9.2583,9.632,2398.846,4458.462,12.2944,0.3737,2.6624
Spizaetus_tyrannus,XC1068932,7.6029,7.9966,1650.434,2303.148,18.0232,0.3937,10.0266
Spizaetus_tyrannus,XC1069185,2.6296,2.8202,1556.044,2030.769,3.8782,0.1906,1.058
Spizaetus_tyrannus,XC11240,0.7003,1.9709,1830.566,2745.849,8.9016,1.2706,6.9307
Spizaetus_tyrannus,XC113754,2.9101,3.992,1626.287,4723.977,9.6047,1.0819,5.6127
Sporophila_angolensis,XC1003116,1.8335,1.9208,3041.239,4411.938,2.0736,0.0873,0.1528
Sporophila_angolensis,XC106304,4.7492,4.94,3060.452,4867.224,7.657,0.1908,2.717
Sporophila_angolensis,XC1066133,2.6608,2.8507,3198.462,4288.846,2.9444,0.1899,0.0937
Sporophila_angolensis,XC1067339,1.0643,1.2072,2604.329,4129.232,1.3198,0.1429,0.1126
Sporophila_angolensis,XC13103,2.0088,2.1795,3109.615,17526.923,2.3025,0.1707,0.123
Sporophila_bouvreuil,XC109493,0.4104,0.7759,1923.826,18350.336,0.9876,0.3655,0.2117
Sporophila_bouvreuil,XC10669,0.7963,1.0624,1960.0,7875.0,4.3599,0.2661,3.2975
Sporophila_bouvreuil,XC1062565,3.1551,3.2386,5360.831,7283.096,5.8906,0.0835,2.652
Sporophila_bouvreuil,XC1017663,5.2631,5.4989,5044.773,8519.318,10.1691,0.2358,4.6702
Sporophila_bouvreuil,XC1062564,8.2548,8.3946,4194.948,6258.767,13.8357,0.1398,5.4411
Sporophila_caerulescens,XC1049891,2.3294,2.5803,2775.666,7436.044,2.6311,0.2509,0.0508
Sporophila_caerulescens,XC106463,1.7287,1.8114,3735.156,7470.311,1.8902,0.0827,0.0788
Sporophila_caerulescens,XC1065440,2.572,2.6783,3397.822,7351.404,2.7276,0.1063,0.0493
Sporophila_caerulescens,XC1076844,4.9996,5.134,3780.0,5524.615,5.1808,0.1344,0.0468
Sporophila_caerulescens,XC108300,2.7578,2.9554,2809.934,7161.904,3.0147,0.1976,0.0593
Sporophila_cinnamomea,XC108306,2.8972,3.0585,3186.876,5448.53,3.2755,0.1613,0.217
Sporophila_cinnamomea,XC26395,2.5299,2.8119,4255.842,6484.414,18.3065,0.282,15.4946
Sporophila_cinnamomea,XC41806,3.9661,4.3556,3198.611,9425.694,8.8029,0.3895,4.4473
Sporophila_cinnamomea,XC47162,2.3971,2.6897,2878.469,4951.651,2.9384,0.2926,0.2487
Sporophila_cinnamomea,XC49694,1.9469,2.0305,3914.674,8228.804,2.1425,0.0836,0.112
Sporophila_collaris,XC25727,3.7596,3.9613,1959.184,5020.408,4.0824,0.2017,0.1211
Sporophila_collaris,XC25726,0.7866,0.9203,2189.011,6857.143,2.3951,0.1337,1.4748
Sporophila_collaris,XC203407,2.346,2.4316,2295.921,4454.773,2.5236,0.0856,0.092
Sporophila_collaris,XC108310,2.6729,2.7967,2229.231,4943.077,2.8679,0.1238,0.0712
Sporophila_collaris,XC255997,10.8784,10.957,1339.781,3835.452,11.7012,0.0786,0.7442
Sporophila_digiacomoi,XC307352,1.3472,1.6251,3349.451,4773.626,1.808,0.2779,0.1829
Sporophila_digiacomoi,XC307360,12.6994,12.9052,3230.769,5261.538,13.0456,0.2058,0.1404
Sporophila_digiacomoi,XC307430,9.8045,9.9466,2666.803,3412.762,10.1391,0.1421,0.1925
Sporophila_digiacomoi,XC307489,15.3347,15.4625,2690.11,3243.956,16.0213,0.1278,0.5588
Sporophila_digiacomoi,XC307510,2.8031,2.9926,2927.888,3412.762,3.1643,0.1895,0.1717
Sporophila_hypoxantha,XC1074842,7.0836,7.1756,4279.966,5076.239,7.2971,0.092,0.1215
Sporophila_hypoxantha,XC108323,1.5897,1.8066,2878.469,3323.946,1.994,0.2169,0.1874
Sporophila_hypoxantha,XC108324,8.9289,9.1962,3392.308,4773.462,9.397,0.2673,0.2008
Sporophila_hypoxantha,XC108329,6.5657,6.8053,3289.678,4351.97,7.2844,0.2396,0.4791
Sporophila_hypoxantha,XC2770,0.7399,0.8895,3135.522,3994.569,1.0156,0.1496,0.1261
Sporophila_leucoptera,XC119043,14.3429,14.6275,2278.788,3101.207,14.9223,0.2846,0.2948
Sporophila_leucoptera,XC1064096,7.2526,7.6234,2639.597,3314.563,8.0139,0.3708,0.3905
Sporophila_leucoptera,XC10231,4.2654,4.5598,2444.462,3017.039,4.8973,0.2944,0.3375
Sporophila_leucoptera,XC1013629,2.9459,3.402,2604.329,3443.882,3.7516,0.4561,0.3496
Sporophila_leucoptera,XC1017191,7.6494,7.945,1833.31,5534.198,8.5118,0.2956,0.5668
Sporophila_lineola,XC1017394,2.143,2.2433,3375.347,4214.9,2.4051,0.1003,0.1618
Sporophila_lineola,XC1018881,1.3538,1.4756,2189.011,4641.758,1.5089,0.1218,0.0333
Sporophila_lineola,XC1030234,1.6298,1.8177,1642.693,9950.931,7.1844,0.1879,5.3667
Sporophila_lineola,XC1030236,2.2614,2.3055,2370.669,4558.978,2.3561,0.0441,0.0506
Sporophila_lineola,XC1030252,1.7975,1.8991,2205.9,5188.879,1.948,0.1016,0.0489
Sporophila_maximiliani,XC18595,4.4606,4.5709,2256.525,4345.21,4.7662,0.1103,0.1953
Sporophila_maximiliani,XC602753,12.9565,13.0035,4009.529,4997.924,13.2232,0.047,0.2197
Sporophila_maximiliani,XC701601,3.8169,4.0849,3580.952,4797.448,4.1891,0.268,0.1042
Sporophila_maximiliani,XC745088,3.6607,3.9149,3392.481,4506.174,4.0412,0.2542,0.1263
Sporophila_maximiliani,XC745095,2.6326,2.79,3828.462,4676.538,3.1878,0.1574,0.3978
Sporophila_nigricollis,XC101409,3.6067,3.8072,2716.762,5686.246,3.8704,0.2005,0.0632
Sporophila_nigricollis,XC1017660,2.6161,2.7439,2497.573,4566.99,2.8436,0.1278,0.0997
Sporophila_nigricollis,XC1007768,0.5337,0.6031,2520.0,10564.615,0.658,0.0694,0.0549
Sporophila_nigricollis,XC1006015,3.2526,3.3723,3179.577,5440.61,3.4407,0.1197,0.0684
Sporophila_nigricollis,XC1010712,2.1567,2.2978,2797.885,4629.834,2.3582,0.1411,0.0604
Sporophila_nigrorufa,XC2246,1.5151,1.7134,2804.947,7168.198,3.7906,0.1983,2.0772
Sporophila_nigrorufa,XC2247,0.8039,1.3971,1750.591,7412.078,2.5754,0.5932,1.1783
Sporophila_nigrorufa,XC602754,1.428,1.6123,2155.932,9233.898,2.7785,0.1843,1.1662
Sporophila_nigrorufa,XC66672,1.1667,1.4931,2359.737,7079.211,1.7993,0.3264,0.3062
Sporophila_nigrorufa,XC84735,1.6412,1.985,2378.881,8606.058,2.2925,0.3438,0.3075
Sporophila_palustris,XC47161,3.6018,3.7446,3660.89,5135.781,3.8348,0.1428,0.0902
Sporophila_palustris,XC45248,22.2374,22.3572,2969.848,4547.58,22.4908,0.1198,0.1336
Sporophila_palustris,XC358505,5.6372,5.8192,3015.538,4883.116,5.9101,0.182,0.0909
Sporophila_palustris,XC17868,0.7089,0.9698,3255.411,5140.122,1.2014,0.2609,0.2316
Sporophila_palustris,XC108333,3.3256,3.4934,3101.207,5602.733,3.6592,0.1678,0.1658
Sporophila_pileata,XC1030280,5.0036,5.2554,2305.227,6147.273,5.5241,0.2518,0.2687
Sporophila_pileata,XC1074848,1.7134,2.0613,2574.69,3895.617,2.3645,0.3479,0.3032
Sporophila_pileata,XC1074849,1.0484,1.2851,3411.168,7492.386,8.3229,0.2367,7.0378
Sporophila_pileata,XC108298,1.0449,1.2671,4125.668,11117.463,5.0272,0.2222,3.7601
Sporophila_pileata,XC108299,3.1447,3.4379,3232.427,4601.454,3.772,0.2932,0.3341
Sporophila_plumbea,XC1072102,0.9244,1.0718,2601.404,4397.612,4.9266,0.1474,3.8548
Sporophila_plumbea,XC1030270,2.2131,2.3599,3184.221,5292.395,2.4499,0.1468,0.09
Sporophila_plumbea,XC1018678,4.1147,4.3185,2070.036,7534.184,4.5002,0.2038,0.1817
Sporophila_plumbea,XC1030264,2.1135,2.2223,3277.609,4530.449,2.3311,0.1088,0.1088
Sporophila_plumbea,XC1030268,2.8997,3.0308,3157.476,5076.384,3.1987,0.1311,0.1679
Sporophila_ruficollis,XC108335,0.3418,0.5139,3198.462,3416.538,0.8581,0.1721,0.3442
Sporophila_ruficollis,XC108339,3.0293,3.6038,3084.073,5928.274,3.77,0.5745,0.1662
Sporophila_ruficollis,XC108342,6.0323,6.3923,3066.94,4180.633,6.5815,0.36,0.1892
Sporophila_ruficollis,XC158049,3.8547,4.1225,2738.077,3392.308,4.3,0.2678,0.1775
Sporophila_ruficollis,XC312455,1.4415,1.8241,3468.925,5632.71,2.0357,0.3826,0.2116
Stelgidopteryx_ruficollis,XC1074998,3.9008,4.0797,1476.923,14610.989,4.1856,0.1789,0.1059
Stelgidopteryx_ruficollis,XC1077668,3.2743,3.572,2109.89,6567.033,6.6483,0.2977,3.0763
Stelgidopteryx_ruficollis,XC1077669,1.9594,2.2107,2268.132,6197.802,4.1936,0.2513,1.9829
Stelgidopteryx_ruficollis,XC1090535,0.2088,0.3834,3537.617,5392.29,0.5344,0.1746,0.151
Stelgidopteryx_ruficollis,XC121229,5.4199,5.6481,1697.056,5960.393,15.8523,0.2282,10.2042
Sterna_hirundo,XC1003347,8.2352,8.6605,2590.044,3434.925,8.9699,0.4253,0.3094
Sterna_hirundo,XC1002307,0.9764,1.2959,1024.638,6436.006,1.3244,0.3195,0.0285
Sterna_hirundo,XC1002290,0.0573,0.1603,2762.308,9013.846,0.2322,0.103,0.0719
Sterna_hirundo,XC1002292,0.6073,0.6806,1187.939,12918.841,0.9898,0.0733,0.3092
Sterna_hirundo,XC1002295,0.8999,0.9674,1121.73,8140.552,2.2245,0.0675,1.2571
Sterna_trudeaui,XC1078061,4.7395,4.8726,2369.627,8306.165,5.4799,0.1331,0.6073
Sterna_trudeaui,XC154428,4.6197,4.8954,1147.398,10526.131,5.0131,0.2757,0.1177
Sterna_trudeaui,XC154429,3.5837,3.8891,548.756,6235.86,4.0874,0.3054,0.1983
Sterna_trudeaui,XC22563,0.9386,1.2495,827.085,5330.105,1.6965,0.3109,0.447
Sterna_trudeaui,XC50261,0.9603,1.3047,824.335,6476.917,2.7265,0.3444,1.4218
Sternula_superciliaris,XC1050667,4.3658,4.4785,2096.427,6125.156,4.601,0.1127,0.1225
Sternula_superciliaris,XC119498,2.7684,2.8315,2274.652,7733.816,3.0051,0.0631,0.1736
Sternula_superciliaris,XC230036,0.2436,0.3362,2862.984,5575.285,1.1358,0.0926,0.7996
Sternula_superciliaris,XC2450,4.59,4.6608,2306.934,13197.81,6.4029,0.0708,1.7421
Sternula_superciliaris,XC257591,1.4094,1.5345,1051.126,5211.834,1.6455,0.1251,0.111
Stilpnia_cayana,XC1036459,3.7976,3.9668,5397.128,9171.591,8.2073,0.1692,4.2405
Stilpnia_cayana,XC1035608,0.6367,0.7166,6009.007,9166.282,1.5297,0.0799,0.8131
Stilpnia_cayana,XC1023122,5.5954,5.6879,7039.713,9047.341,5.8956,0.0925,0.2077
Stilpnia_cayana,XC1006626,0.5503,0.8122,6071.301,7611.781,1.5386,0.2619,0.7264
Stilpnia_cayana,XC1035599,0.914,1.0139,6359.13,8955.461,2.7478,0.0999,1.7339
Streptoprocne_zonaris,XC1048920,2.1391,2.3315,4119.386,6146.676,2.4918,0.1924,0.1603
Streptoprocne_zonaris,XC112599,1.8646,1.9381,2648.454,5040.606,3.4449,0.0735,1.5068
Streptoprocne_zonaris,XC116386,3.2325,3.3265,1637.584,8859.06,3.4825,0.094,0.156
Streptoprocne_zonaris,XC122690,0.1084,1.2969,3716.572,6111.143,1.4565,1.1885,0.1596
Streptoprocne_zonaris,XC12273,0.9178,0.9566,2479.543,4980.1,2.0641,0.0388,1.1075
Strix_huhula,XC1002209,3.5569,4.0852,399.808,896.538,13.7851,0.5283,9.6999
Strix_huhula,XC1011462,2.4484,2.7159,179.221,1301.299,15.3049,0.2675,12.589
Strix_huhula,XC1034574,3.6816,3.8492,234.312,949.581,13.523,0.1676,9.6738
Strix_huhula,XC1035229,2.0739,2.9481,659.341,9283.516,22.6905,0.8742,19.7424
Strix_huhula,XC119556,1.5819,2.4858,548.784,986.577,13.4931,0.9039,11.0073
Strix_virgata,XC1042911,2.7297,3.7853,2107.721,2788.676,0.0,1.0556,-3.7853
Strix_virgata,XC1042783,3.1688,3.3499,462.17,819.698,5.1271,0.1811,1.7772
Strix_virgata,XC1018365,2.0848,2.3878,241.611,1208.054,3.02,0.303,0.6322
Strix_virgata,XC1002834,2.4431,3.0994,570.863,945.492,11.9601,0.6563,8.8607
Strix_virgata,XC103241,5.6161,6.7474,711.341,2108.618,10.9897,1.1313,4.2423
Sublegatus_modestus,XC1072151,11.3425,11.5199,3014.71,4969.561,15.463,0.1774,3.9431
Sublegatus_modestus,XC108348,3.3341,3.3827,3780.0,4725.0,3.4495,0.0486,0.0668
Sublegatus_modestus,XC110420,3.7218,3.7594,2197.875,3483.538,3.7986,0.0376,0.0392
Sublegatus_modestus,XC174778,2.0036,2.1361,2751.477,9026.776,2.2372,0.1325,0.1011
Sublegatus_modestus,XC197397,9.9153,10.1638,3098.026,5942.115,13.5227,0.2485,3.3589
Suiriri_suiriri,XC15356,0.8453,0.8906,712.933,4863.222,0.9215,0.0453,0.0309
Suiriri_suiriri,XC145453,1.3277,1.3685,980.46,4878.386,1.4043,0.0408,0.0358
Suiriri_suiriri,XC1080108,10.5893,10.618,972.794,4936.029,10.6468,0.0287,0.0288
Suiriri_suiriri,XC1067449,3.0717,3.1426,1488.127,4622.691,3.2256,0.0709,0.083
Suiriri_suiriri,XC114971,1.1792,1.2335,1096.559,6185.281,1.3035,0.0543,0.07
Synallaxis_albescens,XC1000949,0.5844,0.7346,2281.713,5767.663,1.677,0.1502,0.9424
Synallaxis_albescens,XC1018336,7.2472,7.3089,2165.913,5911.668,7.4128,0.0617,0.1039
Synallaxis_albescens,XC1033832,5.796,5.843,967.999,4874.568,7.0877,0.047,1.2447
Synallaxis_albescens,XC103403,1.1411,1.3312,2014.089,4077.908,1.4121,0.1901,0.0809
Synallaxis_albescens,XC106358,6.624,6.7322,1182.228,5328.594,6.8265,0.1082,0.0943
Synallaxis_albilora,XC123684,1.4024,1.7009,1421.736,6070.587,5.2943,0.2985,3.5934
Synallaxis_albilora,XC118886,0.8007,1.0291,823.846,5185.385,1.9426,0.2284,0.9135
Synallaxis_albilora,XC1050658,3.1023,3.3994,1423.59,4677.511,4.451,0.2971,1.0516
Synallaxis_albilora,XC1074822,0.8039,1.0536,1182.228,4574.709,2.2987,0.2497,1.2451
Synallaxis_albilora,XC1074824,0.6728,0.9658,890.955,5037.32,3.4058,0.293,2.44
Synallaxis_frontalis,XC1003075,1.3795,1.4753,2378.571,6042.857,1.5965,0.0958,0.1212
Synallaxis_frontalis,XC1018927,0.6109,0.7154,2471.538,7366.154,0.8176,0.1045,0.1022
Synallaxis_frontalis,XC1019082,9.0391,9.2005,1948.229,5015.169,9.2941,0.1614,0.0936
Synallaxis_frontalis,XC1019649,0.5471,0.6906,1969.478,6277.713,0.7559,0.1435,0.0653
Synallaxis_frontalis,XC1030208,0.7642,0.8698,2354.854,6529.369,1.6842,0.1056,0.8144
Synallaxis_hypospodia,XC10780,1.7369,1.7706,1239.121,3479.071,1.7984,0.0337,0.0278
Synallaxis_hypospodia,XC131982,3.1394,3.1606,1812.534,4269.192,3.2009,0.0212,0.0403
Synallaxis_hypospodia,XC195191,0.7401,0.8062,1138.846,4712.885,0.9014,0.0661,0.0952
Synallaxis_hypospodia,XC195192,4.9085,4.9489,959.49,5122.989,4.993,0.0404,0.0441
Synallaxis_hypospodia,XC230307,1.3168,1.3641,1026.239,5644.315,1.4176,0.0473,0.0535
Synallaxis_scutata,XC1044402,1.1528,1.6301,1504.779,14964.191,2.4352,0.4773,0.8051
Synallaxis_scutata,XC103877,1.5038,1.8312,2704.683,5197.235,2.4357,0.3274,0.6045
Synallaxis_scutata,XC1008343,2.1023,2.5677,1649.177,14204.201,3.1467,0.4654,0.579
Synallaxis_scutata,XC102525,0.6908,1.0165,2161.562,14671.029,1.8172,0.3257,0.8007
Synallaxis_scutata,XC1037408,0.792,1.0265,1693.785,8253.352,1.893,0.2345,0.8665
Syrigma_sibilatrix,XC1005804,6.3963,6.7366,2011.833,11659.486,6.984,0.3403,0.2474
Syrigma_sibilatrix,XC108651,1.3746,1.4728,1233.629,11890.816,1.6416,0.0982,0.1688
Syrigma_sibilatrix,XC11426,10.8693,10.9661,246.556,1467.593,11.239,0.0968,0.2729
Syrigma_sibilatrix,XC14327,2.5283,2.9384,1045.785,1235.928,3.418,0.4101,0.4796
Syrigma_sibilatrix,XC147659,3.8153,4.0367,1850.444,11068.397,4.1562,0.2214,0.1195
Tachornis_squamata,XC11593,1.9107,2.1671,4944.545,6447.955,2.2328,0.2564,0.0657
Tachornis_squamata,XC127620,1.9509,2.2785,4991.538,6518.077,2.4896,0.3276,0.2111
Tachornis_squamata,XC127971,2.9183,3.0619,5251.656,6503.707,4.0132,0.1436,0.9513
Tachornis_squamata,XC230419,3.4272,3.9016,4301.696,6191.458,3.9801,0.4744,0.0785
Tachornis_squamata,XC253569,2.6687,2.9422,4900.25,5791.205,4.4455,0.2735,1.5033
Tachybaptus_dominicus,XC161320,2.0801,2.1187,545.97,5914.673,2.1299,0.0386,0.0112
Tachybaptus_dominicus,XC15443,2.6889,2.7078,605.503,4995.4,2.7281,0.0189,0.0203
Tachybaptus_dominicus,XC149805,1.1262,1.1554,3040.121,4348.582,1.1774,0.0292,0.022
Tachybaptus_dominicus,XC132052,0.2675,0.3324,5000.181,5568.974,0.4124,0.0649,0.08
Tachybaptus_dominicus,XC15442,0.25,0.2917,760.345,5575.862,0.3505,0.0417,0.0588
Tachycineta_albiventer,XC1055833,0.4053,0.6141,3222.692,6784.615,2.2369,0.2088,1.6228
Tachycineta_albiventer,XC1078084,0.0718,0.2526,2685.452,5855.777,2.274,0.1808,2.0214
Tachycineta_albiventer,XC119308,3.4455,3.711,3306.812,3855.092,3.788,0.2655,0.077
Tachycineta_albiventer,XC230431,0.4557,0.5646,3289.923,6024.468,1.2568,0.1089,0.6922
Tachycineta_albiventer,XC243134,1.6337,1.7698,2831.764,4870.634,3.4292,0.1361,1.6594
Tachycineta_leucorrhoa,XC1016903,3.4529,3.5695,2755.221,6798.783,3.7282,0.1166,0.1587
Tachycineta_leucorrhoa,XC1018918,5.5997,5.7609,1867.578,5362.861,5.8513,0.1612,0.0904
Tachycineta_leucorrhoa,XC118109,1.3495,1.4824,2219.227,5408.201,1.701,0.1329,0.2186
Tachycineta_leucorrhoa,XC132309,1.3675,1.437,3062.152,5116.408,1.6278,0.0695,0.1908
Tachycineta_leucorrhoa,XC15857,0.4589,0.6023,2383.784,14675.169,1.5036,0.1434,0.9013
Tachyphonus_coronatus,XC115014,0.1867,0.2854,6634.641,9009.256,0.3595,0.0987,0.0741
Tachyphonus_coronatus,XC109522,1.2735,1.5642,1688.657,4217.183,2.058,0.2907,0.4938
Tachyphonus_coronatus,XC1027465,1.3325,1.4719,1974.073,6795.996,2.9308,0.1394,1.4589
Tachyphonus_coronatus,XC1050554,4.0028,4.0906,3864.226,5032.481,5.4323,0.0878,1.3417
Tachyphonus_coronatus,XC1050555,5.995,6.1891,4445.388,6635.234,7.0764,0.1941,0.8873
Tachyphonus_rufus,XC113624,1.9404,2.0634,1832.967,4338.462,2.4123,0.123,0.3489
Tachyphonus_rufus,XC118929,3.9722,4.0511,2844.201,7298.974,5.3009,0.0789,1.2498
Tachyphonus_rufus,XC154507,0.3936,0.5859,5507.319,9631.92,5.5285,0.1923,4.9426
Tachyphonus_rufus,XC18098,1.0009,1.0377,2684.201,6232.014,1.9095,0.0368,0.8718
Tachyphonus_rufus,XC1059171,0.3997,0.5644,2498.962,4289.263,1.2045,0.1647,0.6401
Tangara_mexicana,XC1035450,0.2789,0.392,6334.849,7388.193,1.7035,0.1131,1.3115
Tangara_mexicana,XC1035453,0.4863,0.5496,6077.769,7724.418,2.6797,0.0633,2.1301
Tangara_mexicana,XC1056505,14.5849,14.6395,6336.81,8014.1,14.7698,0.0546,0.1303
Tangara_mexicana,XC108540,1.4149,1.4527,6644.512,16484.81,1.7175,0.0378,0.2648
Tangara_mexicana,XC119270,6.0792,6.1747,9513.535,12491.348,7.8924,0.0955,1.7177
Tapera_naevia,XC1017618,1.7125,1.9109,2453.006,2898.483,2.1679,0.1984,0.257
Tapera_naevia,XC1034159,2.4025,2.6585,2295.921,13501.388,2.9171,0.256,0.2586
Tapera_naevia,XC1001101,3.877,4.102,1429.615,2047.5,4.3083,0.225,0.2063
Tapera_naevia,XC1004614,0.8763,1.2322,1644.839,2210.253,1.4568,0.3559,0.2246
Tapera_naevia,XC10221,2.1264,2.3795,2550.771,2990.071,2.5609,0.2531,0.1814
Taraba_major,XC100829,3.377,3.4163,436.154,13714.615,3.6375,0.0393,0.2212
Taraba_major,XC1017648,2.759,2.8194,712.121,1836.523,2.9776,0.0604,0.1582
Taraba_major,XC102081,1.481,1.6212,626.092,2463.974,1.7692,0.1402,0.148
Taraba_major,XC102151,1.6163,1.6892,860.892,1315.251,1.8147,0.0729,0.1255
Taraba_major,XC102162,1.2868,1.3744,816.32,2489.775,1.4887,0.0876,0.1143
Tersina_viridis,XC1008368,11.0826,11.3518,3505.477,16514.271,14.8437,0.2692,3.4919
Tersina_viridis,XC1023802,0.8965,1.1521,3049.806,14426.61,3.2859,0.2556,2.1338
Tersina_viridis,XC1037345,2.4873,2.7031,6085.519,9940.225,3.0498,0.2158,0.3467
Tersina_viridis,XC1075000,3.0685,3.2626,6487.912,19832.967,4.4986,0.1941,1.236
Tersina_viridis,XC108690,1.5818,1.8845,3663.259,16343.77,3.3863,0.3027,1.5018
Thalurania_furcata,XC1056507,1.4436,1.566,3083.788,11590.006,1.7742,0.1224,0.2082
Thalurania_furcata,XC120087,1.0275,1.0465,2784.983,8764.505,1.1052,0.019,0.0587
Thalurania_furcata,XC1050165,0.3744,0.4112,4003.466,13091.203,0.7189,0.0368,0.3077
Thalurania_furcata,XC1033065,0.063,0.2997,4180.633,13398.586,0.6246,0.2367,0.3249
Thalurania_furcata,XC1044845,0.9222,0.983,7061.495,10818.771,1.041,0.0608,0.058
Thamnophilus_amazonicus,XC1044556,1.9052,1.9611,1122.948,2029.945,2.0107,0.0559,0.0496
Thamnophilus_amazonicus,XC108135,2.1368,2.1881,1083.101,3022.984,2.2372,0.0513,0.0491
Thamnophilus_amazonicus,XC108136,0.6808,0.9068,616.922,3144.314,3.3628,0.226,2.456
Thamnophilus_amazonicus,XC108666,1.2631,1.4815,784.817,4604.262,2.8656,0.2184,1.3841
Thamnophilus_amazonicus,XC115729,1.0628,1.3669,570.439,3398.866,1.6013,0.3041,0.2344
Thamnophilus_caerulescens,XC1006079,1.0868,1.3791,745.899,4523.519,6.6664,0.2923,5.2873
Thamnophilus_caerulescens,XC10181,2.2503,2.3861,714.808,2641.154,2.4751,0.1358,0.089
Thamnophilus_caerulescens,XC1049893,4.4788,4.6394,1510.092,2037.426,4.7511,0.1606,0.1117
Thamnophilus_caerulescens,XC1064765,0.7511,1.0231,599.681,2278.788,1.4134,0.272,0.3903
Thamnophilus_caerulescens,XC10801,0.6176,0.8428,660.272,1950.104,0.959,0.2252,0.1162
Thamnophilus_doliatus,XC1046922,1.392,1.4914,1280.797,2390.059,1.5439,0.0994,0.0525
Thamnophilus_doliatus,XC10467,1.1661,1.2493,421.743,2607.137,1.3721,0.0832,0.1228
Thamnophilus_doliatus,XC1032319,0.5096,0.6102,949.451,2347.253,0.7436,0.1006,0.1334
Thamnophilus_doliatus,XC101804,0.8286,0.9029,908.366,2506.631,0.976,0.0743,0.0731
Thamnophilus_doliatus,XC101805,0.9518,1.0305,999.793,2391.909,1.1092,0.0787,0.0787
Thamnophilus_pelzelni,XC1006628,4.185,4.2502,898.203,2324.76,4.3517,0.0652,0.1015
Thamnophilus_pelzelni,XC1006630,0.6013,0.6706,851.524,2225.915,0.7855,0.0693,0.1149
Thamnophilus_pelzelni,XC1017288,0.4197,0.6821,1009.797,2102.365,0.8778,0.2624,0.1957
Thamnophilus_pelzelni,XC1050536,1.9021,2.1836,890.078,2567.925,2.4329,0.2815,0.2493
Thamnophilus_pelzelni,XC114968,1.298,1.373,1130.827,2158.851,1.4864,0.075,0.1134
Thamnophilus_sticturus,XC11444,0.8486,0.9064,678.462,3426.231,1.049,0.0578,0.1426
Thamnophilus_sticturus,XC144954,0.4986,0.5234,1154.069,1731.103,0.5518,0.0248,0.0284
Thamnophilus_sticturus,XC296319,1.3266,1.4463,1199.423,2314.038,1.5518,0.1197,0.1055
Thamnophilus_sticturus,XC351102,8.5117,8.5398,1244.204,1957.664,8.5686,0.0281,0.0288
Thamnophilus_sticturus,XC3620,0.3795,0.421,1110.582,2417.15,0.4484,0.0415,0.0274
Thectocercus_acuticaudatus,XC13325,0.6906,1.1123,1064.122,9623.367,1.2483,0.4217,0.136
Thectocercus_acuticaudatus,XC127953,10.49,10.805,1077.155,7286.638,10.845,0.315,0.04
Thectocercus_acuticaudatus,XC127950,16.5078,16.6969,2061.713,16021.228,16.857,0.1891,0.1601
Thectocercus_acuticaudatus,XC1007667,2.276,3.0605,1768.846,8505.0,3.3531,0.7845,0.2926
Thectocercus_acuticaudatus,XC119019,0.447,0.7017,651.082,14769.285,0.7503,0.2547,0.0486
Theristicus_caerulescens,XC119765,3.5503,3.6713,1355.8,12105.361,3.7168,0.121,0.0455
Theristicus_caerulescens,XC15469,0.9239,1.0219,1184.78,5402.597,1.1039,0.098,0.082
Theristicus_caerulescens,XC15470,0.4176,0.4814,1210.102,9541.192,0.5307,0.0638,0.0493
Theristicus_caerulescens,XC167278,0.492,0.5687,1130.827,12987.376,0.6769,0.0767,0.1082
Theristicus_caerulescens,XC11431,2.4601,2.5451,1151.387,12089.568,2.5783,0.085,0.0332
Theristicus_caudatus,XC1003082,0.9841,1.0698,1238.165,6351.327,1.2152,0.0857,0.1454
Theristicus_caudatus,XC102927,5.8204,5.9376,1130.827,8258.463,6.0815,0.1172,0.1439
Theristicus_caudatus,XC10304,3.8676,3.9602,1473.502,13844.063,5.1887,0.0926,1.2285
Theristicus_caudatus,XC1031753,0.6092,1.0093,1454.62,15105.666,2.4366,0.4001,1.4273
Theristicus_caudatus,XC1050455,6.9626,7.0826,335.106,1926.862,7.2027,0.12,0.1201
Thlypopsis_sordida,XC1030235,2.31,2.4419,5954.154,8015.208,2.7375,0.1319,0.2956
Thlypopsis_sordida,XC1041252,2.2417,2.4093,4703.704,8666.667,2.615,0.1676,0.2057
Thlypopsis_sordida,XC1090445,2.0601,2.1571,4337.308,8698.846,2.4142,0.097,0.2571
Thlypopsis_sordida,XC113623,3.1724,3.3219,5696.703,7674.725,3.704,0.1495,0.3821
Thlypopsis_sordida,XC119087,1.9107,2.004,6084.28,10796.059,2.4431,0.0933,0.4391
Thraupis_palmarum,XC1034548,8.1469,8.3281,5249.039,8776.052,8.4396,0.1812,0.1115
Thraupis_palmarum,XC10262,2.1978,2.4446,3358.213,15249.03,2.5336,0.2468,0.089
Thraupis_palmarum,XC1016507,4.0,4.2194,5310.344,8793.944,4.3162,0.2194,0.0968
Thraupis_palmarum,XC1004943,3.4103,3.6907,2206.67,9403.209,4.4095,0.2804,0.7188
Thraupis_palmarum,XC1016506,2.4003,2.5975,5233.201,8634.168,2.6962,0.1972,0.0987
Thraupis_sayaca,XC1018761,0.6467,0.8991,4949.222,14739.422,9.4259,0.2524,8.5268
Thraupis_sayaca,XC1074550,3.9217,4.1732,5823.639,8118.941,4.2637,0.2515,0.0905
Thraupis_sayaca,XC1074846,2.3479,2.417,5143.126,6158.511,2.5311,0.0691,0.1141
Thraupis_sayaca,XC108365,5.4074,5.8134,4763.18,8875.278,5.8865,0.406,0.0731
Thraupis_sayaca,XC113593,0.7196,1.1912,2461.664,8578.526,1.2861,0.4716,0.0949
Tigrisoma_lineatum,XC116097,12.952,13.0214,352.83,1554.13,13.281,0.0694,0.2596
Tigrisoma_lineatum,XC117968,0.7896,1.0514,605.769,5791.154,1.2467,0.2618,0.1953
Tigrisoma_lineatum,XC119211,1.0388,1.103,325.541,4146.365,1.3673,0.0642,0.2643
Tigrisoma_lineatum,XC120559,1.2634,1.4073,1319.701,2639.401,1.4693,0.1439,0.062
Tigrisoma_lineatum,XC174289,0.4066,0.734,1247.885,4688.654,0.8185,0.3274,0.0845
Tinamus_tao,XC209067,0.991,1.7469,968.056,1396.4,5.2285,0.7559,3.4816
Tinamus_tao,XC209066,0.59,0.9219,908.654,2423.077,2.7138,0.3319,1.7919
Tinamus_tao,XC133287,16.8904,17.3546,1044.335,1335.162,0.0,0.4642,-17.3546
Tinamus_tao,XC1044626,0.8468,1.5792,1133.9,1447.903,3.9358,0.7324,2.3566
Tinamus_tao,XC17677,0.6425,2.5752,1129.352,1334.688,14.0948,1.9327,11.5196
Tityra_cayana,XC1056515,1.2738,1.6609,752.403,1213.057,7.4373,0.3871,5.7764
Tityra_cayana,XC1068079,2.4777,2.8071,1793.077,4846.154,3.1398,0.3294,0.3327
Tityra_cayana,XC119153,3.5796,3.6698,1336.432,3461.016,3.7736,0.0902,0.1038
Tityra_cayana,XC123447,1.6928,1.822,1852.691,4181.303,14.4614,0.1292,12.6394
Tityra_cayana,XC130074,3.069,3.1621,2535.831,4779.067,17.2036,0.0931,14.0415
Tityra_inquisitor,XC1000392,1.5933,1.7975,913.8,9823.345,5.2082,0.2042,3.4107
Tityra_inquisitor,XC1040311,1.2439,1.3355,1044.342,12718.598,1.4745,0.0916,0.139
Tityra_inquisitor,XC1066134,3.4685,3.5891,1439.234,10897.059,3.8238,0.1206,0.2347
Tityra_inquisitor,XC15928,1.4294,1.4961,521.688,11025.0,3.3825,0.0667,1.8864
Tityra_inquisitor,XC360400,2.5694,2.7916,3563.818,5688.402,3.1646,0.2222,0.373
Tityra_semifasciata,XC119047,0.9852,1.0371,1387.833,2518.66,1.1676,0.0519,0.1305
Tityra_semifasciata,XC118991,6.4431,6.5394,2614.82,5171.166,6.5694,0.0963,0.03
Tityra_semifasciata,XC118893,1.8496,1.8919,1473.502,7607.381,2.0426,0.0423,0.1507
Tityra_semifasciata,XC1037369,1.0391,1.2372,2306.936,8182.229,4.017,0.1981,2.7798
Tityra_semifasciata,XC1072384,13.3757,13.4623,319.284,1835.883,0.0,0.0866,-13.4623
Todirostrum_cinereum,XC1015866,0.3201,0.3768,3182.569,6676.508,0.7176,0.0567,0.3408
Todirostrum_cinereum,XC1032603,2.6693,2.7847,5758.359,9921.858,2.9848,0.1154,0.2001
Todirostrum_cinereum,XC106241,0.1994,0.2973,3049.589,12790.358,0.5946,0.0979,0.2973
Todirostrum_cinereum,XC106242,0.0955,0.2452,4049.932,11165.185,0.3508,0.1497,0.1056
Todirostrum_cinereum,XC1068983,2.1245,2.1742,2716.484,10153.846,2.7421,0.0497,0.5679
Tolmomyias_flaviventris,XC1017672,1.0746,1.6455,4963.636,6753.409,5.5857,0.5709,3.9402
Tolmomyias_flaviventris,XC102643,1.0934,1.4882,4886.03,11786.149,2.2131,0.3948,0.7249
Tolmomyias_flaviventris,XC102644,1.0883,1.4143,5035.222,12009.937,2.1151,0.326,0.7008
Tolmomyias_flaviventris,XC1031498,0.2538,0.5549,4438.455,10704.509,2.777,0.3011,2.2221
Tolmomyias_flaviventris,XC1031499,1.3378,1.7049,4811.434,11860.745,7.3212,0.3671,5.6163
Tolmomyias_sulphurescens,XC1017635,2.2853,2.5759,3473.436,5971.136,4.9193,0.2906,2.3434
Tolmomyias_sulphurescens,XC1019629,0.4763,0.8256,4658.711,5475.378,1.7783,0.3493,0.9527
Tolmomyias_sulphurescens,XC100069,1.079,1.2642,6458.881,8227.492,4.6724,0.1852,3.4082
Tolmomyias_sulphurescens,XC100068,1.0466,1.2923,5205.352,8341.496,7.6303,0.2457,6.338
Tolmomyias_sulphurescens,XC1006082,5.1617,5.5486,2849.062,5028.423,7.8255,0.3869,2.2769
Trichothraupis_melanops,XC101473,0.3117,0.4414,1439.234,15591.705,0.5985,0.1297,0.1571
Trichothraupis_melanops,XC1050436,1.4938,1.5546,1225.0,19148.684,3.0734,0.0608,1.5188
Trichothraupis_melanops,XC1074280,3.0291,3.2132,4180.633,7093.369,3.3165,0.1841,0.1033
Trichothraupis_melanops,XC108772,4.597,4.8148,3513.462,6421.154,4.9384,0.2178,0.1236
Trichothraupis_melanops,XC109260,0.359,0.5125,1841.538,16622.308,1.401,0.1535,0.8885
Tringa_flavipes,XC1020683,4.7504,4.7829,2872.156,6236.682,5.3919,0.0325,0.609
Tringa_flavipes,XC1020682,1.3403,1.4197,2154.992,6572.726,1.4638,0.0794,0.0441
Tringa_flavipes,XC1013369,1.1443,1.2395,2241.758,10021.978,1.403,0.0952,0.1635
Tringa_flavipes,XC1013367,1.8655,1.9476,1846.154,16246.154,2.2872,0.0821,0.3396
Tringa_flavipes,XC1001912,2.9014,3.1584,2278.788,3032.672,3.7018,0.257,0.5434
Tringa_melanoleuca,XC10003,0.7402,0.847,1267.897,6305.217,2.5944,0.1068,1.7474
Tringa_melanoleuca,XC1013230,0.371,0.4599,2461.664,6284.703,0.5158,0.0889,0.0559
Tringa_melanoleuca,XC1013373,0.2963,0.3682,2452.747,9415.385,0.4281,0.0719,0.0599
Tringa_melanoleuca,XC1021044,1.757,1.8403,2473.647,6314.224,1.887,0.0833,0.0467
Tringa_melanoleuca,XC1021045,1.4602,1.5397,2280.801,2935.129,1.6073,0.0795,0.0676
Tringa_solitaria,XC1012884,1.4742,1.6013,2347.253,10496.703,1.6564,0.1271,0.0551
Tringa_solitaria,XC1012881,0.3191,0.4427,4061.538,10470.33,0.518,0.1236,0.0753
Tringa_solitaria,XC1000391,0.254,0.3888,4250.687,5978.159,0.4873,0.1348,0.0985
Tringa_solitaria,XC1000538,2.8532,2.8867,3385.808,11033.207,4.9732,0.0335,2.0865
Tringa_solitaria,XC1012878,0.7361,0.8454,4035.165,10180.22,0.9489,0.1093,0.1035
Troglodytes_aedon,XC100059,0.562,0.6992,837.138,9470.129,2.9372,0.1372,2.238
Troglodytes_aedon,XC1007614,7.0589,7.5706,2408.018,4928.018,9.9312,0.5117,2.3606
Troglodytes_aedon,XC1007616,2.5324,3.1325,2665.385,5282.308,6.0602,0.6001,2.9277
Troglodytes_aedon,XC1007868,1.3735,1.4851,7855.541,11514.387,2.9591,0.1116,1.474
Troglodytes_aedon,XC1008364,2.8065,2.9714,7672.077,12564.934,15.0632,0.1649,12.0918
Trogon_curucui,XC1037365,2.3573,2.4255,676.625,1532.356,2.5657,0.0682,0.1402
Trogon_curucui,XC1064103,2.1199,2.1914,916.958,1779.172,2.3935,0.0715,0.2021
Trogon_curucui,XC1069552,3.0897,3.1668,899.521,1593.438,3.3364,0.0771,0.1696
Trogon_curucui,XC11613,1.1348,1.209,593.867,1662.827,1.3769,0.0742,0.1679
Trogon_curucui,XC119046,7.2042,7.2578,753.885,1584.871,7.4298,0.0536,0.172
Trogon_melanurus,XC1035172,4.563,4.7375,682.137,1279.007,5.0686,0.1745,0.3311
Trogon_melanurus,XC1035170,3.7388,4.0024,582.312,950.714,4.2869,0.2636,0.2845
Trogon_melanurus,XC1012307,2.5338,2.7765,462.611,1884.712,2.9315,0.2427,0.155
Trogon_melanurus,XC1033666,1.7428,1.8698,643.389,1818.275,2.056,0.127,0.1862
Trogon_melanurus,XC1035006,3.8954,4.0122,873.821,1259.33,4.3625,0.1168,0.3503
Turdus_albicollis,XC1049903,1.3808,1.6622,1266.651,2524.721,6.8416,0.2814,5.1794
Turdus_albicollis,XC1050659,3.7716,4.001,1054.861,2143.75,7.1271,0.2294,3.1261
Turdus_albicollis,XC1050660,4.6277,4.8858,1187.308,2532.115,10.7959,0.2581,5.9101
Turdus_albicollis,XC1051959,0.7018,1.0743,1726.829,2500.925,1.3566,0.3725,0.2823
Turdus_albicollis,XC1052995,0.3736,0.6857,1310.607,2293.562,6.0632,0.3121,5.3775
Turdus_amaurochalinus,XC1030209,4.3063,4.3934,1882.317,3047.561,4.5054,0.0871,0.112
Turdus_amaurochalinus,XC1035086,1.2848,1.3588,1020.833,1646.944,4.199,0.074,2.8402
Turdus_amaurochalinus,XC106477,0.3016,0.4716,2011.953,3348.384,1.5443,0.17,1.0727
Turdus_amaurochalinus,XC1065685,1.0592,1.3422,1799.043,2552.927,1.5308,0.283,0.1886
Turdus_amaurochalinus,XC109524,0.9886,1.1217,1936.113,3238.277,1.3753,0.1331,0.2536
Turdus_fumigatus,XC231816,1.6733,2.312,1892.128,2562.568,2.5495,0.6387,0.2375
Turdus_fumigatus,XC231815,1.0572,2.0945,1779.626,2720.079,2.2252,1.0373,0.1307
Turdus_fumigatus,XC213001,2.3955,2.6889,2046.324,2614.152,2.7853,0.2934,0.0964
Turdus_fumigatus,XC202198,0.7968,2.1326,1641.109,2498.962,2.1782,1.3358,0.0456
Turdus_fumigatus,XC213889,1.0385,1.4571,2141.833,2964.252,1.5733,0.4186,0.1162
Turdus_hauxwelli,XC1008484,1.8364,2.2574,1941.716,6582.09,2.4764,0.421,0.219
Turdus_hauxwelli,XC1008485,4.5537,4.899,1985.279,3680.03,5.3318,0.3453,0.4328
Turdus_hauxwelli,XC1017543,2.1769,2.4557,1456.368,4009.295,2.6813,0.2788,0.2256
Turdus_hauxwelli,XC1050502,9.6307,9.86,1285.703,4204.046,12.0152,0.2293,2.1552
Turdus_hauxwelli,XC1064089,2.472,2.7325,1370.474,4679.666,4.1282,0.2605,1.3957
Turdus_leucomelas,XC1003815,0.3571,0.5285,2115.026,3424.327,0.7019,0.1714,0.1734
Turdus_leucomelas,XC1003816,1.7473,1.9042,1786.408,5398.058,2.185,0.1569,0.2808
Turdus_leucomelas,XC1006631,0.2647,0.5456,1707.925,2644.529,0.7779,0.2809,0.2323
Turdus_leucomelas,XC100690,0.4118,0.6901,1514.423,2144.423,0.7355,0.2783,0.0454
Turdus_leucomelas,XC1017637,1.1169,1.1706,2136.332,3013.754,1.2317,0.0537,0.0611
Turdus_rufiventris,XC1051859,0.7919,1.0511,856.687,12096.421,1.2023,0.2592,0.1512
Turdus_rufiventris,XC1050561,3.8966,4.1328,1260.0,3683.077,6.215,0.2362,2.0822
Turdus_rufiventris,XC1049906,11.4893,11.8969,1367.412,3373.802,14.8529,0.4076,2.956
Turdus_rufiventris,XC1032057,0.6215,0.9779,1045.158,2964.137,1.1205,0.3564,0.1426
Turdus_rufiventris,XC1049910,2.397,2.7662,1744.598,2669.425,3.2541,0.3692,0.4879
Turdus_subalaris,XC1015275,0.7444,1.0763,3983.389,15235.61,1.155,0.3319,0.0787
Turdus_subalaris,XC1019626,0.2756,0.3582,5358.492,9365.705,0.6843,0.0826,0.3261
Turdus_subalaris,XC1019631,0.8443,1.0933,3105.382,9718.124,1.2372,0.249,0.1439
Turdus_subalaris,XC109477,3.4143,3.779,3186.876,11239.734,6.3549,0.3647,2.5759
Turdus_subalaris,XC1006646,0.8818,1.0543,8882.463,9278.074,4.5659,0.1725,3.5116
Tyrannopsis_sulphurea,XC108537,6.3041,6.5021,2187.872,10864.587,8.0584,0.198,1.5563
Tyrannopsis_sulphurea,XC118837,2.0408,2.2052,3426.748,12164.956,2.3577,0.1644,0.1525
Tyrannopsis_sulphurea,XC127976,1.8867,2.0551,3386.363,16757.027,2.8147,0.1684,0.7596
Tyrannopsis_sulphurea,XC128670,2.0666,2.26,3032.665,6128.51,2.441,0.1934,0.181
Tyrannopsis_sulphurea,XC129132,7.983,8.2475,2638.596,13604.191,8.507,0.2645,0.2595
Tyrannus_albogularis,XC167333,0.21,0.3019,4326.395,5601.182,0.3819,0.0919,0.08
Tyrannus_albogularis,XC17534,4.9194,5.0057,4592.223,6117.126,5.0448,0.0863,0.0391
Tyrannus_albogularis,XC111452,1.3058,1.3501,4037.383,17495.327,1.3785,0.0443,0.0284
Tyrannus_albogularis,XC115602,4.7841,4.8375,4441.707,8185.362,5.7759,0.0534,0.9384
Tyrannus_albogularis,XC172609,0.6652,0.6903,5387.285,6761.867,0.7082,0.0251,0.0179
Tyrannus_melancholicus,XC1013511,1.7681,2.2188,4757.553,17212.168,2.3013,0.4507,0.0825
Tyrannus_melancholicus,XC1030260,4.5025,4.8511,4649.178,6039.015,4.9202,0.3486,0.0691
Tyrannus_melancholicus,XC1031812,2.2,2.4872,4031.664,12772.204,2.5226,0.2872,0.0354
Tyrannus_melancholicus,XC1035572,0.7917,0.9128,4828.338,12210.295,0.9531,0.1211,0.0403
Tyrannus_melancholicus,XC1037802,1.8172,2.8744,4361.319,6247.779,5.8133,1.0572,2.9389
Tyrannus_savana,XC15953,1.3967,1.4978,3520.345,5176.508,2.1592,0.1011,0.6614
Tyrannus_savana,XC173379,1.3312,1.3565,3891.058,6763.214,1.4578,0.0253,0.1013
Tyrannus_savana,XC176460,0.651,0.7457,4341.597,10071.624,0.8487,0.0947,0.103
Tyrannus_savana,XC17953,4.5861,4.6043,3294.011,5128.873,4.6618,0.0182,0.0575
Tyrannus_savana,XC18539,0.3338,0.3498,2965.293,5093.609,0.4197,0.016,0.0699
Tyrannus_tyrannus,XC1016544,2.9302,3.03,4853.497,12704.266,3.1297,0.0998,0.0997
Tyrannus_tyrannus,XC1021833,7.9714,8.1028,5275.502,8037.918,8.3795,0.1314,0.2767
Tyrannus_tyrannus,XC1014879,0.7208,0.9431,4550.349,15963.518,2.062,0.2223,1.1189
Tyrannus_tyrannus,XC1014874,2.0452,2.1819,4363.859,12308.32,15.0078,0.1367,12.8259
Tyrannus_tyrannus,XC1014876,2.6151,2.7309,3925.415,16382.927,2.8448,0.1158,0.1139
Tyto_furcata,XC1031365,3.9737,4.4274,2228.399,4149.243,29.6603,0.4537,25.2329
Tyto_furcata,XC1036422,0.8613,0.938,1793.077,9668.077,1.0574,0.0767,0.1194
Tyto_furcata,XC1036424,1.9903,2.0774,1896.241,10498.164,2.198,0.0871,0.1206
Tyto_furcata,XC1050947,3.1532,3.6503,1879.337,2897.029,11.3302,0.4971,7.6799
Tyto_furcata,XC1081884,5.8734,6.0694,2471.538,3513.462,7.2068,0.196,1.1374
Uropelia_campestris,XC1009542,1.0215,1.2334,882.0,1405.687,1.8581,0.2119,0.6247
Uropelia_campestris,XC118894,0.3749,0.5136,726.923,1441.731,1.0214,0.1387,0.5078
Uropelia_campestris,XC20934,0.7095,0.7884,1098.883,1575.757,9.8169,0.0789,9.0285
Uropelia_campestris,XC23462,0.7483,0.8083,1254.222,1573.926,9.8074,0.06,8.9991
Uropelia_campestris,XC255973,1.0927,1.387,926.122,1526.85,1.775,0.2943,0.388
Vanellus_chilensis,XC1023404,1.5894,1.6903,819.601,15765.267,1.881,0.1009,0.1907
Vanellus_chilensis,XC1012156,10.5649,10.7341,1902.559,13503.53,10.9169,0.1692,0.1828
Vanellus_chilensis,XC1010092,5.4794,5.7388,856.687,13432.853,5.9345,0.2594,0.1957
Vanellus_chilensis,XC1000536,1.5188,1.6538,1267.897,14145.307,2.0132,0.135,0.3594
Vanellus_chilensis,XC1005801,8.2247,8.3528,2604.329,14152.47,8.4382,0.1281,0.0854
Veniliornis_affinis,XC1035529,0.2824,0.3188,3067.599,5074.223,0.447,0.0364,0.1282
Veniliornis_affinis,XC1035620,1.9171,1.9434,2998.405,3700.888,2.0048,0.0263,0.0614
Veniliornis_affinis,XC1035621,0.5676,0.6013,3031.875,4444.453,1.353,0.0337,0.7517
Veniliornis_affinis,XC118658,2.1442,2.2102,3537.692,12066.923,2.2664,0.066,0.0562
Veniliornis_affinis,XC119817,0.789,1.0207,6408.019,12233.491,2.0138,0.2317,0.9931
Veniliornis_mixtus,XC150578,3.855,3.8863,1626.639,10543.033,12.0393,0.0313,8.153
Veniliornis_mixtus,XC151387,6.3445,7.2477,761.664,2643.421,13.5965,0.9032,6.3488
Veniliornis_mixtus,XC283510,1.6522,1.708,1267.897,11068.397,1.7395,0.0558,0.0315
Veniliornis_mixtus,XC370231,0.6717,0.7064,4216.154,5524.615,0.7292,0.0347,0.0228
Veniliornis_mixtus,XC437711,0.7819,0.8419,2863.636,3636.818,0.8804,0.06,0.0385
Veniliornis_passerinus,XC108383,5.6556,5.7049,3255.411,3700.888,5.7583,0.0493,0.0534
Veniliornis_passerinus,XC108384,0.9495,1.0155,1199.362,11102.664,1.4095,0.066,0.394
Veniliornis_passerinus,XC1023143,2.1369,2.9069,524.091,2871.581,12.261,0.77,9.3541
Veniliornis_passerinus,XC1006650,4.0783,4.1636,2045.876,4660.052,5.2056,0.0853,1.042
Veniliornis_passerinus,XC1068899,1.393,1.602,690.012,969.746,1.667,0.209,0.065
Vireo_chivi,XC1004461,5.4889,6.0773,2229.231,5766.923,6.919,0.5884,0.8417
Vireo_chivi,XC1013598,0.6015,0.9448,2253.462,4773.462,2.4323,0.3433,1.4875
Vireo_chivi,XC1018684,1.1358,1.3985,2320.879,5024.176,3.3934,0.2627,1.9949
Vireo_chivi,XC1019661,2.4402,2.5387,2323.119,4914.291,2.5891,0.0985,0.0504
Vireo_chivi,XC1034496,1.9966,2.4066,2844.201,4043.563,8.7167,0.41,6.3101
Vireo_olivaceus,XC1007703,0.9209,1.4078,2205.0,4797.692,2.7627,0.4869,1.3549
Vireo_olivaceus,XC1012641,0.605,1.1653,2165.854,5326.829,1.9164,0.5603,0.7511
Vireo_olivaceus,XC1012643,0.7597,1.0019,2442.105,4553.078,1.978,0.2422,0.9761
Vireo_olivaceus,XC1013825,1.5965,2.1879,2276.539,4594.469,2.4794,0.5914,0.2915
Vireo_olivaceus,XC1013924,0.8989,1.3352,2235.147,4263.336,2.8145,0.4363,1.4793
Volatinia_jacarina,XC1018889,1.9215,2.4019,3112.088,11762.637,8.2624,0.4804,5.8605
Volatinia_jacarina,XC1018437,2.7691,3.1957,3394.113,9190.212,8.2474,0.4266,5.0517
Volatinia_jacarina,XC1018426,2.5499,2.7925,2420.168,6319.328,0.0,0.2426,-2.7925
Volatinia_jacarina,XC100078,0.7205,0.9095,3496.022,9871.022,2.1064,0.189,1.1969
Volatinia_jacarina,XC1007604,0.4067,0.8439,3921.84,10091.563,4.189,0.4372,3.3451
Xema_sabini,XC135855,4.2104,4.2383,856.687,13021.643,4.3255,0.0279,0.0872
Xema_sabini,XC185597,1.1752,1.3283,596.41,6614.724,1.4273,0.1531,0.099
Xema_sabini,XC185598,6.0186,6.177,722.892,5349.398,6.25,0.1584,0.073
Xema_sabini,XC185600,0.9788,1.0925,1019.253,12383.924,5.5916,0.1137,4.4991
Xema_sabini,XC185603,0.7677,1.1502,868.975,7769.655,1.2162,0.3825,0.066
Xenops_rutilans,XC1003121,0.958,1.015,3517.641,8366.28,2.9639,0.057,1.9489
Xenops_rutilans,XC1035059,1.0424,1.1445,5967.327,7350.0,1.2336,0.1021,0.0891
Xenops_rutilans,XC1048881,1.9577,2.0756,4891.72,7184.713,2.2242,0.1179,0.1486
Xenops_rutilans,XC1050622,4.8004,4.8813,3519.857,6860.936,4.9299,0.0809,0.0486
Xenops_rutilans,XC1050623,3.7002,3.836,5688.402,7710.184,3.8761,0.1358,0.0401
Xenopsaris_albinucha,XC232299,2.9214,3.5529,3037.345,10225.728,3.699,0.6315,0.1461
Xenopsaris_albinucha,XC232300,13.3283,13.97,3886.562,5477.552,14.1313,0.6417,0.1613
Xenopsaris_albinucha,XC15338,8.494,9.6842,3353.883,10418.447,11.4636,1.1902,1.7794
Xenopsaris_albinucha,XC15337,0.9124,2.6881,2960.45,10558.939,7.1935,1.7757,4.5054
Xenopsaris_albinucha,XC232297,8.1428,8.9299,3346.875,10762.5,9.0703,0.7871,0.1404
Xiphocolaptes_major,XC1086872,0.796,2.1491,557.444,10219.803,5.2761,1.3531,3.127
Xiphocolaptes_major,XC114113,4.1756,5.4276,634.065,13837.536,5.6582,1.252,0.2306
Xiphocolaptes_major,XC147028,2.7116,3.5294,798.913,10505.707,3.6614,0.8178,0.132
Xiphocolaptes_major,XC2228,3.3202,3.8111,1610.892,15472.058,3.9202,0.4909,0.1091
Xiphocolaptes_major,XC23850,1.564,2.386,1308.462,12600.0,12.4068,0.822,10.0208
Xolmis_irupero,XC16346,2.5722,2.729,1666.0,2131.5,15.4802,0.1568,12.7512
Xolmis_irupero,XC17955,5.8924,6.2257,3030.458,3894.46,14.409,0.3333,8.1833
Xolmis_irupero,XC273297,2.1255,2.4132,1526.538,2301.923,14.0446,0.2877,11.6314
Xolmis_irupero,XC308334,0.6964,0.9834,3065.192,3840.577,6.6568,0.287,5.6734
Xolmis_irupero,XC32393,1.7653,2.0761,2964.137,3666.621,12.399,0.3108,10.3229
Xolmis_velatus,XC111580,1.8947,2.1029,1929.26,7717.042,3.4424,0.2082,1.3395
Xolmis_velatus,XC111582,1.31,1.3791,4382.788,6217.443,1.4808,0.0691,0.1017
Xolmis_velatus,XC1018634,0.501,0.7793,2030.769,6356.044,3.9601,0.2783,3.1808
Xolmis_velatus,XC1017646,1.1127,1.5377,1840.332,4191.868,5.5249,0.425,3.9872
Xolmis_velatus,XC111579,1.6774,1.7517,810.88,9151.361,11.0348,0.0743,9.2831
Zebrilus_undulatus,XC1017425,2.1673,2.5146,527.019,817.788,14.5953,0.3473,12.0807
Zebrilus_undulatus,XC102399,7.3804,7.8775,308.407,1327.865,15.7282,0.4971,7.8507
Zebrilus_undulatus,XC119266,4.7909,5.531,433.125,693.606,21.9876,0.7401,16.4566
Zebrilus_undulatus,XC175487,1.4311,1.8123,310.345,715.517,7.3888,0.3812,5.5765
Zebrilus_undulatus,XC17646,0.7517,1.061,203.37,1016.85,6.0018,0.3093,4.9408
Zenaida_auriculata,XC105671,2.6101,3.1032,281.481,800.0,5.4688,0.4931,2.3656
Zenaida_auriculata,XC105670,2.2168,3.0892,295.522,653.731,3.4488,0.8724,0.3596
Zenaida_auriculata,XC1031990,1.1137,1.7368,290.769,593.654,2.0779,0.6231,0.3411
Zenaida_auriculata,XC100878,1.2198,2.1444,291.045,654.852,2.494,0.9246,0.3496
Zenaida_auriculata,XC1056111,3.6243,4.6111,424.264,631.734,5.2032,0.9868,0.5921
Zonotrichia_capensis,XC1002321,4.7341,5.7435,3465.631,5246.119,5.8651,1.0094,0.1216
Zonotrichia_capensis,XC1002335,4.2666,4.8869,2640.264,5438.944,4.9942,0.6203,0.1073
Zonotrichia_capensis,XC100866,1.0805,1.7893,3805.433,5972.416,1.9194,0.7088,0.1301
Zonotrichia_capensis,XC101405,1.2473,1.5228,2622.458,7915.055,1.6059,0.2755,0.0831
Zonotrichia_capensis,XC101407,1.4126,1.6782,2895.054,7931.655,1.7601,0.2656,0.0819
